date,FG
1/2/98,42
1/5/98,41
1/6/98,38
1/7/98,36
1/8/98,31
1/9/98,21
1/12/98,25
1/13/98,31
1/14/98,34
1/15/98,32
1/16/98,37
1/20/98,45
1/21/98,43
1/22/98,41
1/23/98,41
1/26/98,40
1/27/98,42
1/28/98,44
1/29/98,44
1/30/98,47
2/2/98,54
2/3/98,58
2/4/98,59
2/5/98,62
2/6/98,65
2/9/98,64
2/10/98,66
2/11/98,66
2/12/98,66
2/13/98,65
2/17/98,64
2/18/98,66
2/19/98,67
2/20/98,70
2/23/98,71
2/24/98,71
2/25/98,73
2/26/98,75
2/27/98,77
3/2/98,80
3/3/98,81
3/4/98,79
3/5/98,75
3/6/98,81
3/9/98,78
3/10/98,81
3/11/98,82
3/12/98,83
3/13/98,81
3/16/98,84
3/17/98,85
3/18/98,83
3/19/98,88
3/20/98,85
3/23/98,82
3/24/98,82
3/25/98,81
3/26/98,82
3/27/98,77
3/30/98,74
3/31/98,72
4/1/98,75
4/2/98,75
4/3/98,75
4/6/98,75
4/7/98,69
4/8/98,65
4/9/98,68
4/13/98,63
4/14/98,66
4/15/98,69
4/16/98,63
4/17/98,68
4/20/98,70
4/21/98,71
4/22/98,71
4/23/98,68
4/24/98,61
4/27/98,51
4/28/98,50
4/29/98,52
4/30/98,50
5/1/98,55
5/4/98,57
5/5/98,53
5/6/98,48
5/7/98,43
5/8/98,45
5/11/98,42
5/12/98,44
5/13/98,43
5/14/98,38
5/15/98,32
5/18/98,29
5/19/98,31
5/20/98,31
5/21/98,26
5/22/98,26
5/26/98,20
5/27/98,16
5/28/98,19
5/29/98,16
6/1/98,15
6/2/98,15
6/3/98,11
6/4/98,18
6/5/98,25
6/8/98,26
6/9/98,28
6/10/98,26
6/11/98,15
6/12/98,12
6/15/98,1
6/16/98,7
6/17/98,14
6/18/98,14
6/19/98,13
6/22/98,18
6/23/98,25
6/24/98,29
6/25/98,30
6/26/98,35
6/29/98,38
6/30/98,35
7/1/98,42
7/2/98,41
7/6/98,43
7/7/98,43
7/8/98,49
7/9/98,47
7/10/98,53
7/13/98,53
7/14/98,58
7/15/98,55
7/16/98,60
7/17/98,62
7/20/98,60
7/21/98,51
7/22/98,48
7/23/98,34
7/24/98,35
7/27/98,35
7/28/98,28
7/29/98,25
7/30/98,32
7/31/98,22
8/3/98,18
8/4/98,12
8/5/98,14
8/6/98,14
8/7/98,15
8/10/98,13
8/11/98,9
8/12/98,16
8/13/98,13
8/14/98,6
8/17/98,9
8/18/98,15
8/19/98,16
8/20/98,13
8/21/98,8
8/24/98,11
8/25/98,13
8/26/98,9
8/27/98,1
8/28/98,3
8/31/98,0
9/1/98,10
9/2/98,10
9/3/98,7
9/4/98,6
9/8/98,19
9/9/98,18
9/10/98,9
9/11/98,16
9/14/98,23
9/15/98,24
9/16/98,25
9/17/98,19
9/18/98,18
9/21/98,22
9/22/98,26
9/23/98,33
9/24/98,33
9/25/98,39
9/28/98,41
9/29/98,46
9/30/98,37
10/1/98,31
10/2/98,34
10/5/98,30
10/6/98,26
10/7/98,26
10/8/98,27
10/9/98,31
10/12/98,35
10/13/98,34
10/14/98,35
10/15/98,47
10/16/98,50
10/19/98,54
10/20/98,56
10/21/98,58
10/22/98,63
10/23/98,64
10/26/98,64
10/27/98,63
10/28/98,67
10/29/98,70
10/30/98,72
11/2/98,75
11/3/98,74
11/4/98,76
11/5/98,80
11/6/98,81
11/9/98,79
11/10/98,79
11/11/98,79
11/12/98,77
11/13/98,78
11/16/98,79
11/17/98,79
11/18/98,80
11/19/98,83
11/20/98,85
11/23/98,88
11/24/98,87
11/25/98,88
11/27/98,89
11/30/98,83
12/1/98,82
12/2/98,81
12/3/98,75
12/4/98,78
12/7/98,79
12/8/98,78
12/9/98,78
12/10/98,75
12/11/98,76
12/14/98,70
12/15/98,72
12/16/98,71
12/17/98,71
12/18/98,73
12/21/98,76
12/22/98,76
12/23/98,78
12/24/98,78
12/28/98,78
12/29/98,80
12/30/98,78
12/31/98,78
1/4/99,79
1/5/99,81
1/6/99,85
1/7/99,87
1/8/99,88
1/11/99,86
1/12/99,80
1/13/99,81
1/14/99,73
1/15/99,77
1/19/99,77
1/20/99,78
1/21/99,74
1/22/99,71
1/25/99,71
1/26/99,74
1/27/99,71
1/28/99,74
1/29/99,77
2/1/99,76
2/2/99,74
2/3/99,74
2/4/99,71
2/5/99,69
2/8/99,67
2/9/99,62
2/10/99,63
2/11/99,68
2/12/99,65
2/16/99,63
2/17/99,59
2/18/99,57
2/19/99,58
2/22/99,64
2/23/99,63
2/24/99,60
2/25/99,57
2/26/99,54
3/1/99,50
3/2/99,43
3/3/99,44
3/4/99,48
3/5/99,54
3/8/99,55
3/9/99,54
3/10/99,57
3/11/99,56
3/12/99,52
3/15/99,53
3/16/99,53
3/17/99,51
3/18/99,52
3/19/99,52
3/22/99,51
3/23/99,39
3/24/99,39
3/25/99,45
3/26/99,44
3/29/99,49
3/30/99,49
3/31/99,46
4/1/99,46
4/5/99,49
4/6/99,47
4/7/99,51
4/8/99,53
4/9/99,55
4/12/99,58
4/13/99,56
4/14/99,52
4/15/99,54
4/16/99,52
4/19/99,46
4/20/99,49
4/21/99,60
4/22/99,69
4/23/99,70
4/26/99,72
4/27/99,71
4/28/99,70
4/29/99,68
4/30/99,68
5/3/99,72
5/4/99,67
5/5/99,70
5/6/99,68
5/7/99,73
5/10/99,70
5/11/99,74
5/12/99,75
5/13/99,71
5/14/99,63
5/17/99,67
5/18/99,64
5/19/99,66
5/20/99,64
5/21/99,65
5/24/99,59
5/25/99,54
5/26/99,57
5/27/99,50
5/28/99,55
6/1/99,51
6/2/99,53
6/3/99,52
6/4/99,62
6/7/99,62
6/8/99,59
6/9/99,57
6/10/99,53
6/11/99,50
6/14/99,44
6/15/99,43
6/16/99,57
6/17/99,56
6/18/99,60
6/21/99,68
6/22/99,67
6/23/99,68
6/24/99,62
6/25/99,62
6/28/99,61
6/29/99,62
6/30/99,69
7/1/99,70
7/2/99,70
7/6/99,68
7/7/99,70
7/8/99,68
7/9/99,70
7/12/99,65
7/13/99,61
7/14/99,64
7/15/99,64
7/16/99,70
7/19/99,64
7/20/99,53
7/21/99,51
7/22/99,44
7/23/99,42
7/26/99,36
7/27/99,40
7/28/99,39
7/29/99,30
7/30/99,24
8/2/99,22
8/3/99,18
8/4/99,15
8/5/99,9
8/6/99,7
8/9/99,9
8/10/99,7
8/11/99,12
8/12/99,12
8/13/99,21
8/16/99,23
8/17/99,28
8/18/99,24
8/19/99,18
8/20/99,20
8/23/99,24
8/24/99,26
8/25/99,29
8/26/99,26
8/27/99,25
8/30/99,20
8/31/99,17
9/1/99,17
9/2/99,17
9/3/99,27
9/7/99,25
9/8/99,24
9/9/99,29
9/10/99,34
9/13/99,29
9/14/99,26
9/15/99,21
9/16/99,17
9/17/99,21
9/20/99,21
9/21/99,12
9/22/99,12
9/23/99,5
9/24/99,5
9/27/99,8
9/28/99,9
9/29/99,9
9/30/99,11
10/1/99,13
10/4/99,16
10/5/99,17
10/6/99,25
10/7/99,25
10/8/99,33
10/11/99,31
10/12/99,25
10/13/99,15
10/14/99,18
10/15/99,6
10/18/99,10
10/19/99,15
10/20/99,24
10/21/99,26
10/22/99,36
10/25/99,32
10/26/99,29
10/27/99,29
10/28/99,37
10/29/99,39
11/1/99,42
11/2/99,38
11/3/99,39
11/4/99,41
11/5/99,42
11/8/99,45
11/9/99,44
11/10/99,47
11/11/99,51
11/12/99,58
11/15/99,57
11/16/99,65
11/17/99,64
11/18/99,72
11/19/99,71
11/22/99,71
11/23/99,69
11/24/99,72
11/26/99,68
11/29/99,65
11/30/99,59
12/1/99,63
12/2/99,66
12/3/99,72
12/6/99,72
12/7/99,67
12/8/99,66
12/9/99,65
12/10/99,66
12/13/99,66
12/14/99,64
12/15/99,63
12/16/99,64
12/17/99,63
12/20/99,60
12/21/99,64
12/22/99,66
12/23/99,69
12/27/99,67
12/28/99,66
12/29/99,67
12/30/99,65
12/31/99,66
1/3/00,69
1/4/00,56
1/5/00,61
1/6/00,61
1/7/00,73
1/10/00,78
1/11/00,78
1/12/00,78
1/13/00,83
1/14/00,90
1/18/00,88
1/19/00,87
1/20/00,85
1/21/00,86
1/24/00,74
1/25/00,77
1/26/00,74
1/27/00,72
1/28/00,62
1/31/00,64
2/1/00,70
2/2/00,75
2/3/00,71
2/4/00,74
2/7/00,74
2/8/00,76
2/9/00,67
2/10/00,71
2/11/00,61
2/14/00,62
2/15/00,64
2/16/00,62
2/17/00,59
2/18/00,50
2/22/00,53
2/23/00,56
2/24/00,49
2/25/00,44
2/28/00,51
2/29/00,52
3/1/00,54
3/2/00,54
3/3/00,62
3/6/00,58
3/7/00,46
3/8/00,47
3/9/00,52
3/10/00,50
3/13/00,47
3/14/00,43
3/15/00,47
3/16/00,54
3/17/00,54
3/20/00,55
3/21/00,63
3/22/00,65
3/23/00,67
3/24/00,68
3/27/00,67
3/28/00,65
3/29/00,67
3/30/00,61
3/31/00,63
4/3/00,67
4/4/00,62
4/5/00,57
4/6/00,58
4/7/00,64
4/10/00,61
4/11/00,63
4/12/00,53
4/13/00,41
4/14/00,28
4/17/00,40
4/18/00,46
4/19/00,43
4/20/00,45
4/24/00,45
4/25/00,57
4/26/00,56
4/27/00,62
4/28/00,64
5/1/00,68
5/2/00,62
5/3/00,56
5/4/00,56
5/5/00,62
5/8/00,60
5/9/00,59
5/10/00,53
5/11/00,55
5/12/00,60
5/15/00,68
5/16/00,66
5/17/00,63
5/18/00,66
5/19/00,56
5/22/00,53
5/23/00,48
5/24/00,52
5/25/00,46
5/26/00,47
5/30/00,54
5/31/00,53
6/1/00,58
6/2/00,64
6/5/00,63
6/6/00,61
6/7/00,64
6/8/00,65
6/9/00,64
6/12/00,61
6/13/00,62
6/14/00,62
6/15/00,62
6/16/00,59
6/19/00,64
6/20/00,64
6/21/00,66
6/22/00,61
6/23/00,61
6/26/00,62
6/27/00,58
6/28/00,60
6/29/00,58
6/30/00,59
7/3/00,60
7/5/00,57
7/6/00,59
7/7/00,64
7/10/00,63
7/11/00,66
7/12/00,67
7/13/00,69
7/14/00,71
7/17/00,73
7/18/00,70
7/19/00,67
7/20/00,67
7/21/00,64
7/24/00,61
7/25/00,63
7/26/00,60
7/27/00,57
7/28/00,54
7/31/00,55
8/1/00,55
8/2/00,56
8/3/00,55
8/4/00,58
8/7/00,60
8/8/00,62
8/9/00,59
8/10/00,56
8/11/00,56
8/14/00,59
8/15/00,58
8/16/00,59
8/17/00,64
8/18/00,65
8/21/00,68
8/22/00,67
8/23/00,68
8/24/00,69
8/25/00,69
8/28/00,71
8/29/00,69
8/30/00,66
8/31/00,68
9/1/00,67
9/5/00,61
9/6/00,58
9/7/00,64
9/8/00,64
9/11/00,61
9/12/00,57
9/13/00,53
9/14/00,52
9/15/00,46
9/18/00,40
9/19/00,40
9/20/00,35
9/21/00,30
9/22/00,30
9/25/00,28
9/26/00,22
9/27/00,21
9/28/00,35
9/29/00,25
10/2/00,24
10/3/00,22
10/4/00,24
10/5/00,20
10/6/00,11
10/9/00,8
10/10/00,4
10/11/00,0
10/12/00,0
10/13/00,9
10/16/00,12
10/17/00,5
10/18/00,4
10/19/00,16
10/20/00,19
10/23/00,21
10/24/00,26
10/25/00,22
10/26/00,20
10/27/00,24
10/30/00,28
10/31/00,34
11/1/00,33
11/2/00,36
11/3/00,40
11/6/00,42
11/7/00,45
11/8/00,43
11/9/00,41
11/10/00,32
11/13/00,28
11/14/00,36
11/15/00,40
11/16/00,36
11/17/00,35
11/20/00,31
11/21/00,33
11/22/00,26
11/24/00,33
11/27/00,37
11/28/00,34
11/29/00,30
11/30/00,25
12/1/00,26
12/4/00,26
12/5/00,34
12/6/00,33
12/7/00,32
12/8/00,40
12/11/00,46
12/12/00,45
12/13/00,43
12/14/00,39
12/15/00,31
12/18/00,33
12/19/00,35
12/20/00,27
12/21/00,32
12/22/00,40
12/26/00,38
12/27/00,43
12/28/00,49
12/29/00,51
1/2/01,40
1/3/01,58
1/4/01,56
1/5/01,52
1/8/01,52
1/9/01,53
1/10/01,55
1/11/01,62
1/12/01,65
1/16/01,68
1/17/01,73
1/18/01,78
1/19/01,79
1/22/01,84
1/23/01,85
1/24/01,84
1/25/01,84
1/26/01,81
1/29/01,82
1/30/01,83
1/31/01,85
2/1/01,82
2/2/01,81
2/5/01,83
2/6/01,83
2/7/01,81
2/8/01,78
2/9/01,73
2/12/01,74
2/13/01,72
2/14/01,72
2/15/01,76
2/16/01,68
2/20/01,62
2/21/01,57
2/22/01,58
2/23/01,56
2/26/01,64
2/27/01,58
2/28/01,52
3/1/01,50
3/2/01,48
3/5/01,50
3/6/01,55
3/7/01,59
3/8/01,59
3/9/01,52
3/12/01,40
3/13/01,41
3/14/01,32
3/15/01,31
3/16/01,26
3/19/01,33
3/20/01,30
3/21/01,28
3/22/01,25
3/23/01,36
3/26/01,39
3/27/01,47
3/28/01,41
3/29/01,40
3/30/01,39
4/2/01,36
4/3/01,24
4/4/01,24
4/5/01,33
4/6/01,28
4/9/01,29
4/10/01,40
4/11/01,43
4/12/01,48
4/16/01,51
4/17/01,52
4/18/01,59
4/19/01,64
4/20/01,65
4/23/01,62
4/24/01,60
4/25/01,61
4/26/01,64
4/27/01,69
4/30/01,71
5/1/01,74
5/2/01,78
5/3/01,77
5/4/01,79
5/7/01,81
5/8/01,81
5/9/01,78
5/10/01,81
5/11/01,81
5/14/01,80
5/15/01,80
5/16/01,84
5/17/01,85
5/18/01,87
5/21/01,91
5/22/01,93
5/23/01,89
5/24/01,90
5/25/01,86
5/29/01,82
5/30/01,78
5/31/01,77
6/1/01,80
6/4/01,81
6/5/01,84
6/6/01,82
6/7/01,85
6/8/01,82
6/11/01,78
6/12/01,76
6/13/01,75
6/14/01,64
6/15/01,59
6/18/01,59
6/19/01,58
6/20/01,58
6/21/01,56
6/22/01,54
6/25/01,53
6/26/01,53
6/27/01,53
6/28/01,60
6/29/01,63
7/2/01,66
7/3/01,58
7/5/01,64
7/6/01,56
7/9/01,55
7/10/01,49
7/11/01,46
7/12/01,48
7/13/01,52
7/16/01,49
7/17/01,52
7/18/01,51
7/19/01,48
7/20/01,47
7/23/01,47
7/24/01,43
7/25/01,45
7/26/01,49
7/27/01,51
7/30/01,51
7/31/01,52
8/1/01,54
8/2/01,58
8/3/01,58
8/6/01,55
8/7/01,55
8/8/01,49
8/9/01,48
8/10/01,50
8/13/01,50
8/14/01,49
8/15/01,48
8/16/01,46
8/17/01,36
8/20/01,42
8/21/01,39
8/22/01,42
8/23/01,41
8/24/01,51
8/27/01,48
8/28/01,40
8/29/01,33
8/30/01,24
8/31/01,23
9/4/01,21
9/5/01,18
9/6/01,13
9/7/01,10
9/10/01,8
9/17/01,5
9/18/01,7
9/19/01,7
9/20/01,0
9/21/01,1
9/24/01,11
9/25/01,16
9/26/01,15
9/27/01,19
9/28/01,25
10/1/01,23
10/2/01,25
10/3/01,30
10/4/01,32
10/5/01,32
10/8/01,29
10/9/01,29
10/10/01,35
10/11/01,43
10/12/01,42
10/15/01,46
10/16/01,50
10/17/01,50
10/18/01,51
10/19/01,53
10/22/01,57
10/23/01,58
10/24/01,60
10/25/01,64
10/26/01,67
10/29/01,63
10/30/01,58
10/31/01,56
11/1/01,58
11/2/01,61
11/5/01,64
11/6/01,68
11/7/01,66
11/8/01,68
11/9/01,70
11/12/01,69
11/13/01,74
11/14/01,78
11/15/01,85
11/16/01,86
11/19/01,87
11/20/01,87
11/21/01,88
11/23/01,91
11/26/01,90
11/27/01,89
11/28/01,85
11/29/01,87
11/30/01,86
12/3/01,83
12/4/01,86
12/5/01,90
12/6/01,91
12/7/01,90
12/10/01,87
12/11/01,85
12/12/01,82
12/13/01,79
12/14/01,78
12/17/01,79
12/18/01,80
12/19/01,81
12/20/01,78
12/21/01,79
12/24/01,79
12/26/01,81
12/27/01,83
12/28/01,86
12/31/01,84
1/2/02,85
1/3/02,87
1/4/02,85
1/7/02,83
1/8/02,83
1/9/02,83
1/10/02,83
1/11/02,82
1/14/02,79
1/15/02,79
1/16/02,75
1/17/02,77
1/18/02,74
1/22/02,75
1/23/02,78
1/24/02,82
1/25/02,83
1/28/02,84
1/29/02,77
1/30/02,78
1/31/02,79
2/1/02,75
2/4/02,61
2/5/02,60
2/6/02,56
2/7/02,52
2/8/02,56
2/11/02,62
2/12/02,63
2/13/02,68
2/14/02,69
2/15/02,61
2/19/02,55
2/20/02,57
2/21/02,50
2/22/02,50
2/25/02,58
2/26/02,58
2/27/02,61
2/28/02,61
3/1/02,69
3/4/02,73
3/5/02,76
3/6/02,79
3/7/02,85
3/8/02,88
3/11/02,89
3/12/02,89
3/13/02,84
3/14/02,82
3/15/02,86
3/18/02,86
3/19/02,87
3/20/02,82
3/21/02,85
3/22/02,83
3/25/02,77
3/26/02,76
3/27/02,79
3/28/02,78
4/1/02,75
4/2/02,68
4/3/02,60
4/4/02,55
4/5/02,52
4/8/02,50
4/9/02,47
4/10/02,53
4/11/02,45
4/12/02,45
4/15/02,44
4/16/02,57
4/17/02,58
4/18/02,56
4/19/02,60
4/22/02,55
4/23/02,52
4/24/02,51
4/25/02,51
4/26/02,44
4/29/02,41
4/30/02,48
5/1/02,53
5/2/02,53
5/3/02,50
5/6/02,45
5/7/02,44
5/8/02,52
5/9/02,49
5/10/02,44
5/13/02,49
5/14/02,56
5/15/02,53
5/16/02,54
5/17/02,57
5/20/02,53
5/21/02,48
5/22/02,47
5/23/02,52
5/24/02,49
5/28/02,43
5/29/02,39
5/30/02,37
5/31/02,37
6/3/02,27
6/4/02,27
6/5/02,32
6/6/02,20
6/7/02,22
6/10/02,24
6/11/02,17
6/12/02,15
6/13/02,11
6/14/02,9
6/17/02,18
6/18/02,20
6/19/02,16
6/20/02,12
6/21/02,9
6/24/02,12
6/25/02,11
6/26/02,9
6/27/02,15
6/28/02,22
7/1/02,18
7/2/02,11
7/3/02,13
7/5/02,20
7/8/02,15
7/9/02,9
7/10/02,8
7/11/02,8
7/12/02,8
7/15/02,10
7/16/02,8
7/17/02,10
7/18/02,9
7/19/02,2
7/22/02,2
7/23/02,3
7/24/02,12
7/25/02,15
7/26/02,27
7/29/02,36
7/30/02,37
7/31/02,38
8/1/02,33
8/2/02,28
8/5/02,22
8/6/02,27
8/7/02,31
8/8/02,37
8/9/02,40
8/12/02,41
8/13/02,42
8/14/02,47
8/15/02,52
8/16/02,55
8/19/02,59
8/20/02,58
8/21/02,60
8/22/02,65
8/23/02,63
8/26/02,60
8/27/02,59
8/28/02,55
8/29/02,54
8/30/02,56
9/3/02,48
9/4/02,51
9/5/02,48
9/6/02,51
9/9/02,53
9/10/02,58
9/11/02,61
9/12/02,57
9/13/02,56
9/16/02,53
9/17/02,46
9/18/02,46
9/19/02,38
9/20/02,38
9/23/02,38
9/24/02,37
9/25/02,44
9/26/02,50
9/27/02,48
9/30/02,45
10/1/02,53
10/2/02,48
10/3/02,45
10/4/02,41
10/7/02,36
10/8/02,37
10/9/02,31
10/10/02,37
10/11/02,42
10/14/02,44
10/15/02,53
10/16/02,48
10/17/02,56
10/18/02,58
10/21/02,61
10/22/02,60
10/23/02,63
10/24/02,60
10/25/02,64
10/28/02,65
10/29/02,63
10/30/02,65
10/31/02,64
11/1/02,68
11/4/02,70
11/5/02,72
11/6/02,76
11/7/02,76
11/8/02,75
11/11/02,71
11/12/02,71
11/13/02,70
11/14/02,76
11/15/02,80
11/18/02,79
11/19/02,79
11/20/02,81
11/21/02,86
11/22/02,85
11/25/02,86
11/26/02,84
11/27/02,85
11/29/02,85
12/2/02,89
12/3/02,84
12/4/02,83
12/5/02,80
12/6/02,81
12/9/02,79
12/10/02,83
12/11/02,83
12/12/02,82
12/13/02,78
12/16/02,80
12/17/02,80
12/18/02,77
12/19/02,71
12/20/02,74
12/23/02,78
12/24/02,77
12/26/02,77
12/27/02,71
12/30/02,73
12/31/02,73
1/2/03,82
1/3/03,83
1/6/03,88
1/7/03,87
1/8/03,85
1/9/03,87
1/10/03,88
1/13/03,86
1/14/03,87
1/15/03,84
1/16/03,83
1/17/03,80
1/21/03,78
1/22/03,74
1/23/03,76
1/24/03,69
1/27/03,65
1/28/03,67
1/29/03,68
1/30/03,63
1/31/03,62
2/3/03,58
2/4/03,50
2/5/03,49
2/6/03,47
2/7/03,44
2/10/03,45
2/11/03,45
2/12/03,44
2/13/03,44
2/14/03,46
2/18/03,52
2/19/03,51
2/20/03,48
2/21/03,51
2/24/03,50
2/25/03,51
2/26/03,48
2/27/03,51
2/28/03,55
3/3/03,53
3/4/03,47
3/5/03,49
3/6/03,45
3/7/03,46
3/10/03,39
3/11/03,38
3/12/03,36
3/13/03,45
3/14/03,45
3/17/03,50
3/18/03,52
3/19/03,54
3/20/03,59
3/21/03,68
3/24/03,62
3/25/03,64
3/26/03,64
3/27/03,64
3/28/03,58
3/31/03,53
4/1/03,59
4/2/03,65
4/3/03,65
4/4/03,70
4/7/03,74
4/8/03,77
4/9/03,75
4/10/03,76
4/11/03,77
4/14/03,80
4/15/03,81
4/16/03,79
4/17/03,85
4/21/03,85
4/22/03,91
4/23/03,93
4/24/03,91
4/25/03,86
4/28/03,90
4/29/03,92
4/30/03,89
5/1/03,86
5/2/03,91
5/5/03,89
5/6/03,90
5/7/03,88
5/8/03,86
5/9/03,88
5/12/03,89
5/13/03,88
5/14/03,86
5/15/03,91
5/16/03,91
5/19/03,84
5/20/03,79
5/21/03,78
5/22/03,77
5/23/03,77
5/27/03,82
5/28/03,84
5/29/03,83
5/30/03,88
6/2/03,86
6/3/03,84
6/4/03,84
6/5/03,87
6/6/03,84
6/9/03,80
6/10/03,82
6/11/03,84
6/12/03,84
6/13/03,81
6/16/03,87
6/17/03,90
6/18/03,91
6/19/03,89
6/20/03,89
6/23/03,83
6/24/03,77
6/25/03,72
6/26/03,74
6/27/03,68
6/30/03,64
7/1/03,64
7/2/03,65
7/3/03,62
7/7/03,65
7/8/03,70
7/9/03,71
7/10/03,67
7/11/03,69
7/14/03,71
7/15/03,70
7/16/03,67
7/17/03,62
7/18/03,68
7/21/03,64
7/22/03,62
7/23/03,62
7/24/03,61
7/25/03,62
7/28/03,63
7/29/03,60
7/30/03,57
7/31/03,57
8/1/03,50
8/4/03,46
8/5/03,42
8/6/03,42
8/7/03,40
8/8/03,41
8/11/03,41
8/12/03,44
8/13/03,45
8/14/03,49
8/15/03,50
8/18/03,53
8/19/03,52
8/20/03,53
8/21/03,56
8/22/03,49
8/25/03,45
8/26/03,41
8/27/03,39
8/28/03,39
8/29/03,39
9/2/03,47
9/3/03,50
9/4/03,55
9/5/03,53
9/8/03,62
9/9/03,56
9/10/03,47
9/11/03,47
9/12/03,46
9/15/03,44
9/16/03,50
9/17/03,51
9/18/03,57
9/19/03,57
9/22/03,54
9/23/03,52
9/24/03,42
9/25/03,36
9/26/03,32
9/29/03,34
9/30/03,26
10/1/03,35
10/2/03,38
10/3/03,48
10/6/03,49
10/7/03,55
10/8/03,56
10/9/03,60
10/10/03,61
10/13/03,65
10/14/03,67
10/15/03,68
10/16/03,69
10/17/03,67
10/20/03,68
10/21/03,69
10/22/03,62
10/23/03,60
10/24/03,57
10/27/03,55
10/28/03,64
10/29/03,68
10/30/03,70
10/31/03,67
11/3/03,70
11/4/03,69
11/5/03,69
11/6/03,72
11/7/03,75
11/10/03,68
11/11/03,63
11/12/03,66
11/13/03,64
11/14/03,62
11/17/03,56
11/18/03,52
11/19/03,56
11/20/03,50
11/21/03,51
11/24/03,62
11/25/03,65
11/26/03,69
11/28/03,71
12/1/03,77
12/2/03,77
12/3/03,75
12/4/03,76
12/5/03,68
12/8/03,72
12/9/03,66
12/10/03,65
12/11/03,71
12/12/03,75
12/15/03,74
12/16/03,80
12/17/03,84
12/18/03,84
12/19/03,83
12/22/03,82
12/23/03,83
12/24/03,81
12/26/03,79
12/29/03,86
12/30/03,83
12/31/03,79
1/2/04,77
1/5/04,83
1/6/04,87
1/7/04,88
1/8/04,92
1/9/04,84
1/12/04,84
1/13/04,78
1/14/04,84
1/15/04,86
1/16/04,92
1/20/04,91
1/21/04,95
1/22/04,90
1/23/04,87
1/26/04,91
1/27/04,83
1/28/04,71
1/29/04,70
1/30/04,66
2/2/04,63
2/3/04,60
2/4/04,54
2/5/04,51
2/6/04,59
2/9/04,58
2/10/04,58
2/11/04,63
2/12/04,61
2/13/04,55
2/17/04,55
2/18/04,51
2/19/04,45
2/20/04,40
2/23/04,34
2/24/04,32
2/25/04,37
2/26/04,38
2/27/04,37
3/1/04,42
3/2/04,41
3/3/04,43
3/4/04,44
3/5/04,43
3/8/04,35
3/9/04,25
3/10/04,16
3/11/04,7
3/12/04,14
3/15/04,7
3/16/04,8
3/17/04,16
3/18/04,18
3/19/04,14
3/22/04,9
3/23/04,13
3/24/04,14
3/25/04,21
3/26/04,25
3/29/04,31
3/30/04,33
3/31/04,29
4/1/04,36
4/2/04,45
4/5/04,51
4/6/04,49
4/7/04,51
4/8/04,53
4/12/04,54
4/13/04,47
4/14/04,49
4/15/04,50
4/16/04,51
4/19/04,51
4/20/04,47
4/21/04,50
4/22/04,55
4/23/04,55
4/26/04,51
4/27/04,51
4/28/04,45
4/29/04,42
4/30/04,37
5/3/04,37
5/4/04,37
5/5/04,39
5/6/04,31
5/7/04,30
5/10/04,24
5/11/04,25
5/12/04,26
5/13/04,22
5/14/04,22
5/17/04,16
5/18/04,21
5/19/04,24
5/20/04,19
5/21/04,20
5/24/04,24
5/25/04,32
5/26/04,31
5/27/04,37
5/28/04,39
6/1/04,39
6/2/04,41
6/3/04,38
6/4/04,38
6/7/04,46
6/8/04,49
6/9/04,48
6/10/04,52
6/14/04,46
6/15/04,49
6/16/04,54
6/17/04,51
6/18/04,56
6/21/04,60
6/22/04,62
6/23/04,64
6/24/04,64
6/25/04,64
6/28/04,64
6/29/04,65
6/30/04,66
7/1/04,59
7/2/04,57
7/6/04,49
7/7/04,48
7/8/04,45
7/9/04,47
7/12/04,47
7/13/04,51
7/14/04,54
7/15/04,55
7/16/04,52
7/19/04,53
7/20/04,58
7/21/04,53
7/22/04,55
7/23/04,54
7/26/04,52
7/27/04,56
7/28/04,57
7/29/04,59
7/30/04,61
8/2/04,62
8/3/04,59
8/4/04,55
8/5/04,43
8/6/04,33
8/9/04,34
8/10/04,37
8/11/04,33
8/12/04,25
8/13/04,33
8/16/04,40
8/17/04,41
8/18/04,46
8/19/04,46
8/20/04,52
8/23/04,53
8/24/04,53
8/25/04,59
8/26/04,63
8/27/04,66
8/30/04,62
8/31/04,65
9/1/04,66
9/2/04,73
9/3/04,77
9/7/04,81
9/8/04,76
9/9/04,84
9/10/04,89
9/13/04,93
9/14/04,91
9/15/04,89
9/16/04,88
9/17/04,91
9/20/04,86
9/21/04,89
9/22/04,78
9/23/04,75
9/24/04,76
9/27/04,70
9/28/04,75
9/29/04,81
9/30/04,82
10/1/04,86
10/4/04,87
10/5/04,86
10/6/04,90
10/7/04,84
10/8/04,78
10/11/04,80
10/12/04,75
10/13/04,71
10/14/04,60
10/15/04,63
10/18/04,65
10/19/04,59
10/20/04,60
10/21/04,63
10/22/04,58
10/25/04,56
10/26/04,62
10/27/04,69
10/28/04,75
10/29/04,72
11/1/04,71
11/2/04,71
11/3/04,78
11/4/04,81
11/5/04,88
11/8/04,91
11/9/04,93
11/10/04,95
11/11/04,97
11/12/04,95
11/15/04,95
11/16/04,94
11/17/04,95
11/18/04,96
11/19/04,94
11/22/04,95
11/23/04,93
11/24/04,92
11/26/04,92
11/29/04,91
11/30/04,89
12/1/04,94
12/2/04,92
12/3/04,89
12/6/04,86
12/7/04,81
12/8/04,80
12/9/04,81
12/10/04,79
12/13/04,82
12/14/04,81
12/15/04,83
12/16/04,86
12/17/04,84
12/20/04,84
12/21/04,86
12/22/04,86
12/23/04,85
12/27/04,78
12/28/04,80
12/29/04,80
12/30/04,75
12/31/04,71
1/3/05,67
1/4/05,62
1/5/05,58
1/6/05,60
1/7/05,53
1/10/05,53
1/11/05,46
1/12/05,48
1/13/05,41
1/14/05,43
1/18/05,44
1/19/05,38
1/20/05,30
1/21/05,27
1/24/05,24
1/25/05,27
1/26/05,30
1/27/05,35
1/28/05,34
1/31/05,39
2/1/05,45
2/2/05,49
2/3/05,50
2/4/05,56
2/7/05,56
2/8/05,57
2/9/05,52
2/10/05,56
2/11/05,59
2/14/05,57
2/15/05,59
2/16/05,64
2/17/05,62
2/18/05,66
2/22/05,57
2/23/05,59
2/24/05,61
2/25/05,64
2/28/05,63
3/1/05,64
3/2/05,60
3/3/05,59
3/4/05,64
3/7/05,61
3/8/05,59
3/9/05,53
3/10/05,54
3/11/05,47
3/14/05,47
3/15/05,42
3/16/05,34
3/17/05,29
3/18/05,28
3/21/05,25
3/22/05,22
3/23/05,24
3/24/05,24
3/28/05,25
3/29/05,19
3/30/05,27
3/31/05,18
4/1/05,12
4/4/05,11
4/5/05,15
4/6/05,14
4/7/05,21
4/8/05,21
4/11/05,22
4/12/05,23
4/13/05,15
4/14/05,8
4/15/05,1
4/18/05,4
4/19/05,8
4/20/05,4
4/21/05,16
4/22/05,16
4/25/05,19
4/26/05,17
4/27/05,15
4/28/05,7
4/29/05,14
5/2/05,15
5/3/05,16
5/4/05,21
5/5/05,20
5/6/05,21
5/9/05,25
5/10/05,22
5/11/05,26
5/12/05,22
5/13/05,24
5/16/05,29
5/17/05,32
5/18/05,41
5/19/05,43
5/20/05,48
5/23/05,50
5/24/05,53
5/25/05,51
5/26/05,58
5/27/05,57
5/31/05,50
6/1/05,54
6/2/05,56
6/3/05,54
6/6/05,54
6/7/05,55
6/8/05,56
6/9/05,61
6/10/05,66
6/13/05,68
6/14/05,69
6/15/05,71
6/16/05,70
6/17/05,70
6/20/05,70
6/21/05,70
6/22/05,69
6/23/05,67
6/24/05,63
6/27/05,61
6/28/05,68
6/29/05,67
6/30/05,63
7/1/05,66
7/5/05,71
7/6/05,69
7/7/05,70
7/8/05,77
7/11/05,79
7/12/05,80
7/13/05,79
7/14/05,83
7/15/05,84
7/18/05,83
7/19/05,84
7/20/05,88
7/21/05,88
7/22/05,89
7/25/05,87
7/26/05,88
7/27/05,88
7/28/05,88
7/29/05,84
8/1/05,82
8/2/05,84
8/3/05,85
8/4/05,81
8/5/05,78
8/8/05,76
8/9/05,77
8/10/05,75
8/11/05,76
8/12/05,71
8/15/05,73
8/16/05,65
8/17/05,66
8/18/05,62
8/19/05,62
8/22/05,62
8/23/05,61
8/24/05,53
8/25/05,55
8/26/05,49
8/29/05,48
8/30/05,44
8/31/05,50
9/1/05,48
9/2/05,48
9/6/05,54
9/7/05,55
9/8/05,53
9/9/05,59
9/12/05,63
9/13/05,57
9/14/05,54
9/15/05,56
9/16/05,63
9/19/05,57
9/20/05,52
9/21/05,44
9/22/05,43
9/23/05,42
9/26/05,37
9/27/05,37
9/28/05,40
9/29/05,47
9/30/05,49
10/3/05,47
10/4/05,36
10/5/05,23
10/6/05,20
10/7/05,20
10/10/05,12
10/11/05,13
10/12/05,13
10/13/05,8
10/14/05,13
10/17/05,15
10/18/05,11
10/19/05,22
10/20/05,14
10/21/05,13
10/24/05,23
10/25/05,25
10/26/05,26
10/27/05,19
10/28/05,29
10/31/05,29
11/1/05,28
11/2/05,39
11/3/05,47
11/4/05,49
11/7/05,49
11/8/05,48
11/9/05,49
11/10/05,50
11/11/05,51
11/14/05,51
11/15/05,49
11/16/05,46
11/17/05,51
11/18/05,55
11/21/05,55
11/22/05,60
11/23/05,62
11/25/05,64
11/28/05,57
11/29/05,57
11/30/05,54
12/1/05,63
12/2/05,63
12/5/05,61
12/6/05,61
12/7/05,60
12/8/05,56
12/9/05,59
12/12/05,60
12/13/05,63
12/14/05,67
12/15/05,72
12/16/05,71
12/19/05,66
12/20/05,63
12/21/05,63
12/22/05,66
12/23/05,66
12/27/05,59
12/28/05,62
12/29/05,60
12/30/05,57
1/3/06,65
1/4/06,68
1/5/06,73
1/6/06,79
1/9/06,80
1/10/06,81
1/11/06,81
1/12/06,79
1/13/06,79
1/17/06,74
1/18/06,71
1/19/06,72
1/20/06,58
1/23/06,59
1/24/06,64
1/25/06,67
1/26/06,79
1/27/06,83
1/30/06,85
1/31/06,81
2/1/06,81
2/2/06,74
2/3/06,70
2/6/06,65
2/7/06,59
2/8/06,62
2/9/06,61
2/10/06,65
2/13/06,63
2/14/06,70
2/15/06,72
2/16/06,76
2/17/06,76
2/21/06,76
2/22/06,80
2/23/06,78
2/24/06,77
2/27/06,77
2/28/06,69
3/1/06,74
3/2/06,72
3/3/06,72
3/6/06,67
3/7/06,63
3/8/06,63
3/9/06,58
3/10/06,65
3/13/06,65
3/14/06,74
3/15/06,73
3/16/06,73
3/17/06,72
3/20/06,74
3/21/06,71
3/22/06,73
3/23/06,70
3/24/06,69
3/27/06,66
3/28/06,64
3/29/06,69
3/30/06,70
3/31/06,68
4/3/06,70
4/4/06,76
4/5/06,78
4/6/06,76
4/7/06,68
4/10/06,63
4/11/06,51
4/12/06,50
4/13/06,49
4/17/06,43
4/18/06,57
4/19/06,62
4/20/06,61
4/21/06,61
4/24/06,58
4/25/06,55
4/26/06,51
4/27/06,50
4/28/06,49
5/1/06,46
5/2/06,49
5/3/06,48
5/4/06,50
5/5/06,58
5/8/06,58
5/9/06,58
5/10/06,60
5/11/06,48
5/12/06,33
5/15/06,35
5/16/06,31
5/17/06,18
5/18/06,10
5/19/06,12
5/22/06,12
5/23/06,12
5/24/06,14
5/25/06,24
5/26/06,33
5/30/06,19
5/31/06,26
6/1/06,34
6/2/06,28
6/5/06,17
6/6/06,15
6/7/06,13
6/8/06,10
6/9/06,14
6/12/06,11
6/13/06,9
6/14/06,13
6/15/06,29
6/16/06,29
6/19/06,25
6/20/06,28
6/21/06,35
6/22/06,32
6/23/06,31
6/26/06,32
6/27/06,30
6/28/06,30
6/29/06,39
6/30/06,41
7/3/06,45
7/5/06,43
7/6/06,48
7/7/06,44
7/10/06,45
7/11/06,46
7/12/06,41
7/13/06,29
7/14/06,24
7/17/06,23
7/18/06,26
7/19/06,36
7/20/06,33
7/21/06,30
7/24/06,39
7/25/06,44
7/26/06,47
7/27/06,46
7/28/06,52
7/31/06,51
8/1/06,47
8/2/06,50
8/3/06,51
8/4/06,51
8/7/06,48
8/8/06,46
8/9/06,44
8/10/06,47
8/11/06,47
8/14/06,50
8/15/06,56
8/16/06,61
8/17/06,66
8/18/06,70
8/21/06,66
8/22/06,66
8/23/06,62
8/24/06,62
8/25/06,61
8/28/06,64
8/29/06,65
8/30/06,66
8/31/06,65
9/1/06,67
9/5/06,68
9/6/06,63
9/7/06,64
9/8/06,65
9/11/06,65
9/12/06,68
9/13/06,74
9/14/06,72
9/15/06,75
9/18/06,77
9/19/06,75
9/20/06,77
9/21/06,71
9/22/06,68
9/25/06,69
9/26/06,72
9/27/06,72
9/28/06,74
9/29/06,74
10/2/06,71
10/3/06,67
10/4/06,69
10/5/06,74
10/6/06,74
10/9/06,74
10/10/06,79
10/11/06,79
10/12/06,88
10/13/06,90
10/16/06,94
10/17/06,94
10/18/06,93
10/19/06,96
10/20/06,95
10/23/06,92
10/24/06,89
10/25/06,89
10/26/06,87
10/27/06,83
10/30/06,82
10/31/06,81
11/1/06,76
11/2/06,72
11/3/06,72
11/6/06,76
11/7/06,75
11/8/06,75
11/9/06,75
11/10/06,73
11/13/06,73
11/14/06,76
11/15/06,80
11/16/06,83
11/17/06,84
11/20/06,83
11/21/06,82
11/22/06,80
11/24/06,73
11/27/06,61
11/28/06,62
11/29/06,71
11/30/06,71
12/1/06,64
12/4/06,68
12/5/06,70
12/6/06,69
12/7/06,67
12/8/06,70
12/11/06,76
12/12/06,73
12/13/06,75
12/14/06,83
12/15/06,81
12/18/06,77
12/19/06,80
12/20/06,79
12/21/06,74
12/22/06,67
12/26/06,70
12/27/06,76
12/28/06,71
12/29/06,66
1/3/07,64
1/4/07,63
1/5/07,56
1/8/07,53
1/9/07,50
1/10/07,49
1/11/07,55
1/12/07,59
1/16/07,58
1/17/07,58
1/18/07,53
1/19/07,56
1/22/07,50
1/23/07,52
1/24/07,59
1/25/07,47
1/26/07,45
1/29/07,42
1/30/07,45
1/31/07,51
2/1/07,59
2/2/07,62
2/5/07,60
2/6/07,63
2/7/07,64
2/8/07,62
2/9/07,54
2/12/07,44
2/13/07,51
2/14/07,54
2/15/07,56
2/16/07,57
2/20/07,61
2/21/07,58
2/22/07,58
2/23/07,48
2/26/07,40
2/27/07,30
2/28/07,35
3/1/07,25
3/2/07,17
3/5/07,13
3/6/07,22
3/7/07,22
3/8/07,23
3/9/07,25
3/12/07,27
3/13/07,13
3/14/07,15
3/15/07,17
3/16/07,15
3/19/07,23
3/20/07,30
3/21/07,39
3/22/07,41
3/23/07,45
3/26/07,46
3/27/07,49
3/28/07,42
3/29/07,43
3/30/07,45
4/2/07,48
4/3/07,51
4/4/07,55
4/5/07,59
4/9/07,61
4/10/07,63
4/11/07,61
4/12/07,66
4/13/07,67
4/16/07,72
4/17/07,72
4/18/07,73
4/19/07,72
4/20/07,76
4/23/07,74
4/24/07,73
4/25/07,76
4/26/07,81
4/27/07,80
4/30/07,74
5/1/07,76
5/2/07,78
5/3/07,79
5/4/07,80
5/7/07,83
5/8/07,84
5/9/07,86
5/10/07,78
5/11/07,81
5/14/07,78
5/15/07,75
5/16/07,76
5/17/07,81
5/18/07,84
5/21/07,83
5/22/07,84
5/23/07,82
5/24/07,74
5/25/07,74
5/29/07,75
5/30/07,77
5/31/07,79
6/1/07,83
6/4/07,83
6/5/07,80
6/6/07,74
6/7/07,62
6/8/07,66
6/11/07,63
6/12/07,58
6/13/07,63
6/14/07,65
6/15/07,67
6/18/07,68
6/19/07,69
6/20/07,62
6/21/07,60
6/22/07,52
6/25/07,47
6/26/07,44
6/27/07,48
6/28/07,40
6/29/07,36
7/2/07,41
7/3/07,44
7/5/07,49
7/6/07,53
7/9/07,54
7/10/07,45
7/11/07,48
7/12/07,53
7/13/07,53
7/16/07,51
7/17/07,50
7/18/07,46
7/19/07,48
7/20/07,37
7/23/07,39
7/24/07,26
7/25/07,28
7/26/07,6
7/27/07,3
7/30/07,8
7/31/07,1
8/1/07,2
8/2/07,7
8/3/07,1
8/6/07,9
8/7/07,16
8/8/07,21
8/9/07,9
8/10/07,12
8/13/07,16
8/14/07,7
8/15/07,2
8/16/07,1
8/17/07,9
8/20/07,13
8/21/07,19
8/22/07,27
8/23/07,34
8/24/07,42
8/27/07,37
8/28/07,30
8/29/07,36
8/30/07,33
8/31/07,41
9/4/07,43
9/5/07,39
9/6/07,41
9/7/07,36
9/10/07,34
9/11/07,38
9/12/07,42
9/13/07,46
9/14/07,49
9/17/07,46
9/18/07,59
9/19/07,62
9/20/07,64
9/21/07,67
9/24/07,65
9/25/07,67
9/26/07,69
9/27/07,68
9/28/07,66
10/1/07,69
10/2/07,69
10/3/07,70
10/4/07,71
10/5/07,77
10/8/07,77
10/9/07,79
10/10/07,79
10/11/07,78
10/12/07,81
10/15/07,80
10/16/07,75
10/17/07,73
10/18/07,70
10/19/07,59
10/22/07,60
10/23/07,62
10/24/07,60
10/25/07,56
10/26/07,62
10/29/07,63
10/30/07,59
10/31/07,66
11/1/07,57
11/2/07,54
11/5/07,50
11/6/07,55
11/7/07,42
11/8/07,39
11/9/07,32
11/12/07,28
11/13/07,37
11/14/07,35
11/15/07,30
11/16/07,33
11/19/07,26
11/20/07,27
11/21/07,21
11/23/07,26
11/26/07,21
11/27/07,26
11/28/07,35
11/29/07,36
11/30/07,40
12/3/07,39
12/4/07,35
12/5/07,39
12/6/07,47
12/7/07,49
12/10/07,54
12/11/07,48
12/12/07,49
12/13/07,50
12/14/07,49
12/17/07,44
12/18/07,48
12/19/07,47
12/20/07,51
12/21/07,56
12/24/07,60
12/26/07,60
12/27/07,56
12/28/07,53
12/31/07,48
1/2/08,43
1/3/08,42
1/4/08,32
1/7/08,28
1/8/08,18
1/9/08,20
1/10/08,24
1/11/08,20
1/14/08,22
1/15/08,16
1/16/08,16
1/17/08,9
1/18/08,11
1/22/08,6
1/23/08,11
1/24/08,16
1/25/08,16
1/28/08,23
1/29/08,27
1/30/08,29
1/31/08,34
2/1/08,39
2/4/08,38
2/5/08,31
2/6/08,30
2/7/08,31
2/8/08,28
2/11/08,31
2/12/08,34
2/13/08,40
2/14/08,40
2/15/08,43
2/19/08,44
2/20/08,49
2/21/08,49
2/22/08,49
2/25/08,57
2/26/08,58
2/27/08,57
2/28/08,52
2/29/08,45
3/3/08,44
3/4/08,42
3/5/08,47
3/6/08,39
3/7/08,34
3/10/08,29
3/11/08,37
3/12/08,32
3/13/08,34
3/14/08,24
3/17/08,20
3/18/08,31
3/19/08,23
3/20/08,30
3/24/08,38
3/25/08,42
3/26/08,40
3/27/08,41
3/28/08,41
3/31/08,43
4/1/08,53
4/2/08,53
4/3/08,55
4/4/08,59
4/7/08,62
4/8/08,64
4/9/08,60
4/10/08,64
4/11/08,58
4/14/08,58
4/15/08,62
4/16/08,70
4/17/08,75
4/18/08,80
4/21/08,80
4/22/08,81
4/23/08,83
4/24/08,88
4/25/08,90
4/28/08,89
4/29/08,84
4/30/08,83
5/1/08,88
5/2/08,90
5/5/08,88
5/6/08,92
5/7/08,88
5/8/08,89
5/9/08,88
5/12/08,92
5/13/08,93
5/14/08,92
5/15/08,94
5/16/08,93
5/19/08,93
5/20/08,93
5/21/08,87
5/22/08,88
5/23/08,82
5/27/08,82
5/28/08,84
5/29/08,88
5/30/08,87
6/2/08,81
6/3/08,78
6/4/08,75
6/5/08,82
6/6/08,67
6/9/08,67
6/10/08,65
6/11/08,59
6/12/08,59
6/13/08,64
6/16/08,63
6/17/08,61
6/18/08,56
6/19/08,57
6/20/08,48
6/23/08,49
6/24/08,46
6/25/08,48
6/26/08,31
6/27/08,30
6/30/08,28
7/1/08,27
7/2/08,21
7/3/08,20
7/7/08,20
7/8/08,26
7/9/08,19
7/10/08,17
7/11/08,14
7/14/08,13
7/15/08,11
7/16/08,20
7/17/08,25
7/18/08,26
7/21/08,30
7/22/08,36
7/23/08,39
7/24/08,34
7/25/08,37
7/28/08,33
7/29/08,41
7/30/08,43
7/31/08,40
8/1/08,39
8/4/08,37
8/5/08,46
8/6/08,50
8/7/08,43
8/8/08,51
8/11/08,56
8/12/08,52
8/13/08,51
8/14/08,54
8/15/08,55
8/18/08,50
8/19/08,46
8/20/08,47
8/21/08,51
8/22/08,54
8/25/08,50
8/26/08,50
8/27/08,52
8/28/08,55
8/29/08,52
9/2/08,50
9/3/08,50
9/4/08,40
9/5/08,43
9/8/08,44
9/9/08,31
9/10/08,32
9/11/08,33
9/12/08,32
9/15/08,16
9/16/08,20
9/17/08,11
9/18/08,19
9/19/08,30
9/22/08,27
9/23/08,26
9/24/08,27
9/25/08,34
9/26/08,30
9/29/08,16
9/30/08,28
10/1/08,27
10/2/08,17
10/3/08,16
10/6/08,9
10/7/08,6
10/8/08,4
10/9/08,2
10/10/08,0
10/13/08,18
10/14/08,20
10/15/08,11
10/16/08,15
10/17/08,15
10/20/08,25
10/21/08,24
10/22/08,15
10/23/08,16
10/24/08,10
10/27/08,11
10/28/08,21
10/29/08,24
10/30/08,32
10/31/08,39
11/3/08,44
11/4/08,52
11/5/08,46
11/6/08,42
11/7/08,48
11/10/08,43
11/11/08,38
11/12/08,35
11/13/08,41
11/14/08,36
11/17/08,32
11/18/08,34
11/19/08,27
11/20/08,19
11/21/08,24
11/24/08,35
11/25/08,33
11/26/08,42
11/28/08,45
12/1/08,38
12/2/08,40
12/3/08,42
12/4/08,40
12/5/08,47
12/8/08,51
12/9/08,50
12/10/08,53
12/11/08,54
12/12/08,50
12/15/08,51
12/16/08,56
12/17/08,57
12/18/08,59
12/19/08,68
12/22/08,68
12/23/08,67
12/24/08,68
12/26/08,69
12/29/08,69
12/30/08,76
12/31/08,78
1/2/09,82
1/5/09,83
1/6/09,81
1/7/09,74
1/8/09,76
1/9/09,73
1/12/09,69
1/13/09,68
1/14/09,66
1/15/09,63
1/16/09,67
1/20/09,63
1/21/09,69
1/22/09,71
1/23/09,74
1/26/09,75
1/27/09,78
1/28/09,82
1/29/09,79
1/30/09,76
2/2/09,73
2/3/09,74
2/4/09,72
2/5/09,75
2/6/09,81
2/9/09,83
2/10/09,79
2/11/09,81
2/12/09,83
2/13/09,82
2/17/09,73
2/18/09,73
2/19/09,71
2/20/09,69
2/23/09,63
2/24/09,68
2/25/09,69
2/26/09,70
2/27/09,68
3/2/09,61
3/3/09,60
3/4/09,60
3/5/09,50
3/6/09,48
3/9/09,47
3/10/09,54
3/11/09,57
3/12/09,63
3/13/09,64
3/16/09,63
3/17/09,68
3/18/09,69
3/19/09,68
3/20/09,66
3/23/09,75
3/24/09,74
3/25/09,75
3/26/09,79
3/27/09,78
3/30/09,75
3/31/09,78
4/1/09,80
4/2/09,84
4/3/09,87
4/6/09,87
4/7/09,83
4/8/09,86
4/9/09,90
4/13/09,90
4/14/09,89
4/15/09,91
4/16/09,92
4/17/09,94
4/20/09,84
4/21/09,85
4/22/09,84
4/23/09,84
4/24/09,85
4/27/09,85
4/28/09,86
4/29/09,89
4/30/09,89
5/1/09,89
5/4/09,91
5/5/09,92
5/6/09,94
5/7/09,93
5/8/09,93
5/11/09,90
5/12/09,91
5/13/09,85
5/14/09,86
5/15/09,83
5/18/09,92
5/19/09,92
5/20/09,91
5/21/09,88
5/22/09,86
5/26/09,90
5/27/09,86
5/28/09,87
5/29/09,91
6/1/09,92
6/2/09,90
6/3/09,87
6/4/09,89
6/5/09,89
6/8/09,86
6/9/09,88
6/10/09,88
6/11/09,90
6/12/09,89
6/15/09,86
6/16/09,79
6/17/09,78
6/18/09,78
6/19/09,79
6/22/09,71
6/23/09,70
6/24/09,74
6/25/09,78
6/26/09,78
6/29/09,77
6/30/09,75
7/1/09,75
7/2/09,69
7/6/09,67
7/7/09,62
7/8/09,59
7/9/09,59
7/10/09,58
7/13/09,63
7/14/09,67
7/15/09,73
7/16/09,75
7/17/09,77
7/20/09,79
7/21/09,84
7/22/09,84
7/23/09,86
7/24/09,84
7/27/09,83
7/28/09,80
7/29/09,79
7/30/09,82
7/31/09,84
8/3/09,85
8/4/09,88
8/5/09,90
8/6/09,85
8/7/09,90
8/10/09,88
8/11/09,82
8/12/09,81
8/13/09,84
8/14/09,82
8/17/09,69
8/18/09,73
8/19/09,72
8/20/09,73
8/21/09,79
8/24/09,78
8/25/09,79
8/26/09,79
8/27/09,79
8/28/09,76
8/31/09,69
9/1/09,60
9/2/09,55
9/3/09,59
9/4/09,62
9/8/09,64
9/9/09,70
9/10/09,74
9/11/09,74
9/14/09,78
9/15/09,82
9/16/09,84
9/17/09,84
9/18/09,85
9/21/09,81
9/22/09,84
9/23/09,80
9/24/09,74
9/25/09,70
9/28/09,74
9/29/09,73
9/30/09,70
10/1/09,59
10/2/09,54
10/5/09,58
10/6/09,63
10/7/09,66
10/8/09,72
10/9/09,78
10/12/09,78
10/13/09,76
10/14/09,80
10/15/09,84
10/16/09,81
10/19/09,82
10/20/09,80
10/21/09,75
10/22/09,78
10/23/09,72
10/26/09,65
10/27/09,62
10/28/09,51
10/29/09,61
10/30/09,47
11/2/09,46
11/3/09,45
11/4/09,47
11/5/09,51
11/6/09,52
11/9/09,60
11/10/09,61
11/11/09,61
11/12/09,56
11/13/09,58
11/16/09,60
11/17/09,58
11/18/09,57
11/19/09,47
11/20/09,45
11/23/09,49
11/24/09,50
11/25/09,52
11/27/09,42
11/30/09,43
12/1/09,49
12/2/09,53
12/3/09,50
12/4/09,53
12/7/09,53
12/8/09,46
12/9/09,46
12/10/09,48
12/11/09,49
12/14/09,52
12/15/09,52
12/16/09,53
12/17/09,46
12/18/09,50
12/21/09,58
12/22/09,60
12/23/09,63
12/24/09,69
12/28/09,73
12/29/09,71
12/30/09,69
12/31/09,64
1/4/10,71
1/5/10,72
1/6/10,76
1/7/10,80
1/8/10,83
1/11/10,82
1/12/10,76
1/13/10,78
1/14/10,76
1/15/10,69
1/19/10,75
1/20/10,65
1/21/10,49
1/22/10,36
1/25/10,37
1/26/10,34
1/27/10,34
1/28/10,30
1/29/10,27
2/1/10,33
2/2/10,36
2/3/10,36
2/4/10,20
2/5/10,16
2/8/10,12
2/9/10,14
2/10/10,16
2/11/10,18
2/12/10,22
2/16/10,28
2/17/10,32
2/18/10,37
2/19/10,41
2/22/10,44
2/23/10,36
2/24/10,40
2/25/10,36
2/26/10,38
3/1/10,44
3/2/10,48
3/3/10,50
3/4/10,53
3/5/10,67
3/8/10,71
3/9/10,75
3/10/10,79
3/11/10,82
3/12/10,83
3/15/10,83
3/16/10,83
3/17/10,86
3/18/10,87
3/19/10,85
3/22/10,86
3/23/10,90
3/24/10,87
3/25/10,86
3/26/10,87
3/29/10,88
3/30/10,88
3/31/10,87
4/1/10,89
4/5/10,93
4/6/10,93
4/7/10,89
4/8/10,89
4/9/10,91
4/12/10,93
4/13/10,91
4/14/10,96
4/15/10,96
4/16/10,86
4/19/10,86
4/20/10,90
4/21/10,85
4/22/10,83
4/23/10,86
4/26/10,85
4/27/10,67
4/28/10,72
4/29/10,79
4/30/10,66
5/3/10,69
5/4/10,54
5/5/10,47
5/6/10,31
5/7/10,24
5/10/10,39
5/11/10,36
5/12/10,44
5/13/10,40
5/14/10,32
5/17/10,30
5/18/10,23
5/19/10,16
5/20/10,4
5/21/10,6
5/24/10,5
5/25/10,8
5/26/10,10
5/27/10,23
5/28/10,24
6/1/10,19
6/2/10,28
6/3/10,30
6/4/10,23
6/7/10,21
6/8/10,20
6/9/10,18
6/10/10,24
6/11/10,24
6/14/10,27
6/15/10,34
6/16/10,36
6/17/10,38
6/18/10,43
6/21/10,43
6/22/10,39
6/23/10,38
6/24/10,34
6/25/10,32
6/28/10,31
6/29/10,23
6/30/10,21
7/1/10,21
7/2/10,25
7/6/10,26
7/7/10,33
7/8/10,37
7/9/10,38
7/12/10,40
7/13/10,44
7/14/10,42
7/15/10,42
7/16/10,37
7/19/10,39
7/20/10,42
7/21/10,40
7/22/10,46
7/23/10,52
7/26/10,55
7/27/10,57
7/28/10,57
7/29/10,56
7/30/10,56
8/2/10,60
8/3/10,59
8/4/10,61
8/5/10,60
8/6/10,59
8/9/10,61
8/10/10,58
8/11/10,50
8/12/10,49
8/13/10,48
8/16/10,45
8/17/10,47
8/18/10,49
8/19/10,43
8/20/10,41
8/23/10,41
8/24/10,35
8/25/10,37
8/26/10,36
8/27/10,44
8/30/10,36
8/31/10,35
9/1/10,42
9/2/10,47
9/3/10,52
9/7/10,47
9/8/10,54
9/9/10,59
9/10/10,62
9/13/10,69
9/14/10,73
9/15/10,76
9/16/10,78
9/17/10,83
9/20/10,87
9/21/10,88
9/22/10,90
9/23/10,88
9/24/10,94
9/27/10,88
9/28/10,90
9/29/10,93
9/30/10,91
10/1/10,91
10/4/10,87
10/5/10,92
10/6/10,91
10/7/10,87
10/8/10,87
10/11/10,89
10/12/10,90
10/13/10,92
10/14/10,92
10/15/10,94
10/18/10,92
10/19/10,85
10/20/10,85
10/21/10,85
10/22/10,82
10/25/10,81
10/26/10,82
10/27/10,81
10/28/10,82
10/29/10,81
11/1/10,80
11/2/10,80
11/3/10,86
11/4/10,92
11/5/10,95
11/8/10,94
11/9/10,91
11/10/10,91
11/11/10,86
11/12/10,75
11/15/10,75
11/16/10,62
11/17/10,61
11/18/10,69
11/19/10,70
11/22/10,67
11/23/10,56
11/24/10,62
11/26/10,52
11/29/10,49
11/30/10,43
12/1/10,56
12/2/10,62
12/3/10,67
12/6/10,65
12/7/10,69
12/8/10,68
12/9/10,69
12/10/10,70
12/13/10,70
12/14/10,70
12/15/10,71
12/16/10,72
12/17/10,72
12/20/10,71
12/21/10,73
12/22/10,79
12/23/10,76
12/27/10,73
12/28/10,76
12/29/10,76
12/30/10,73
12/31/10,68
1/3/11,73
1/4/11,76
1/5/11,77
1/6/11,74
1/7/11,76
1/10/11,71
1/11/11,71
1/12/11,74
1/13/11,72
1/14/11,76
1/18/11,75
1/19/11,66
1/20/11,61
1/21/11,55
1/24/11,55
1/25/11,52
1/26/11,54
1/27/11,59
1/28/11,42
1/31/11,45
2/1/11,56
2/2/11,57
2/3/11,57
2/4/11,63
2/7/11,66
2/8/11,70
2/9/11,66
2/10/11,64
2/11/11,68
2/14/11,66
2/15/11,63
2/16/11,67
2/17/11,68
2/18/11,71
2/22/11,49
2/23/11,44
2/24/11,40
2/25/11,46
2/28/11,53
3/1/11,41
3/2/11,45
3/3/11,59
3/4/11,51
3/7/11,42
3/8/11,47
3/9/11,42
3/10/11,28
3/11/11,30
3/14/11,24
3/15/11,15
3/16/11,11
3/17/11,16
3/18/11,18
3/21/11,28
3/22/11,31
3/23/11,35
3/24/11,43
3/25/11,46
3/28/11,43
3/29/11,48
3/30/11,50
3/31/11,51
4/1/11,55
4/4/11,56
4/5/11,57
4/6/11,62
4/7/11,65
4/8/11,63
4/11/11,62
4/12/11,58
4/13/11,58
4/14/11,55
4/15/11,54
4/18/11,45
4/19/11,46
4/20/11,52
4/21/11,54
4/25/11,52
4/26/11,55
4/27/11,59
4/28/11,62
4/29/11,64
5/2/11,64
5/3/11,61
5/4/11,56
5/5/11,47
5/6/11,46
5/9/11,46
5/10/11,53
5/11/11,51
5/12/11,55
5/13/11,49
5/16/11,45
5/17/11,42
5/18/11,47
5/19/11,45
5/20/11,40
5/23/11,31
5/24/11,30
5/25/11,29
5/26/11,28
5/27/11,31
5/31/11,36
6/1/11,24
6/2/11,23
6/3/11,21
6/6/11,14
6/7/11,12
6/8/11,10
6/9/11,14
6/10/11,9
6/13/11,11
6/14/11,18
6/15/11,10
6/16/11,7
6/17/11,8
6/20/11,13
6/21/11,20
6/22/11,24
6/23/11,24
6/24/11,23
6/27/11,27
6/28/11,32
6/29/11,41
6/30/11,47
7/1/11,56
7/5/11,56
7/6/11,57
7/7/11,63
7/8/11,60
7/11/11,51
7/12/11,47
7/13/11,47
7/14/11,48
7/15/11,49
7/18/11,46
7/19/11,51
7/20/11,52
7/21/11,62
7/22/11,63
7/25/11,62
7/26/11,55
7/27/11,42
7/28/11,36
7/29/11,26
8/1/11,22
8/2/11,14
8/3/11,13
8/4/11,5
8/5/11,6
8/8/11,1
8/9/11,11
8/10/11,3
8/11/11,14
8/12/11,16
8/15/11,25
8/16/11,25
8/17/11,25
8/18/11,12
8/19/11,9
8/22/11,9
8/23/11,16
8/24/11,21
8/25/11,20
8/26/11,26
8/29/11,34
8/30/11,36
8/31/11,40
9/1/11,43
9/2/11,37
9/6/11,37
9/7/11,43
9/8/11,46
9/9/11,37
9/12/11,38
9/13/11,39
9/14/11,43
9/15/11,48
9/16/11,53
9/19/11,52
9/20/11,53
9/21/11,44
9/22/11,34
9/23/11,36
9/26/11,39
9/27/11,41
9/28/11,38
9/29/11,40
9/30/11,35
10/3/11,29
10/4/11,30
10/5/11,33
10/6/11,39
10/7/11,42
10/10/11,50
10/11/11,51
10/12/11,55
10/13/11,54
10/14/11,59
10/17/11,56
10/18/11,61
10/19/11,62
10/20/11,64
10/21/11,70
10/24/11,75
10/25/11,70
10/26/11,75
10/27/11,84
10/28/11,85
10/31/11,80
11/1/11,73
11/2/11,78
11/3/11,80
11/4/11,77
11/7/11,78
11/8/11,82
11/9/11,72
11/10/11,74
11/11/11,77
11/14/11,76
11/15/11,75
11/16/11,74
11/17/11,70
11/18/11,67
11/21/11,63
11/22/11,63
11/23/11,58
11/25/11,55
11/28/11,61
11/29/11,63
11/30/11,72
12/1/11,73
12/2/11,74
12/5/11,76
12/6/11,76
12/7/11,74
12/8/11,72
12/9/11,74
12/12/11,73
12/13/11,72
12/14/11,70
12/15/11,69
12/16/11,68
12/19/11,63
12/20/11,72
12/21/11,76
12/22/11,82
12/23/11,87
12/27/11,84
12/28/11,79
12/29/11,80
12/30/11,79
1/3/12,83
1/4/12,83
1/5/12,84
1/6/12,85
1/9/12,85
1/10/12,85
1/11/12,89
1/12/12,91
1/13/12,90
1/17/12,89
1/18/12,92
1/19/12,95
1/20/12,95
1/23/12,94
1/24/12,93
1/25/12,93
1/26/12,90
1/27/12,90
1/30/12,87
1/31/12,87
2/1/12,88
2/2/12,88
2/3/12,91
2/6/12,91
2/7/12,92
2/8/12,91
2/9/12,92
2/10/12,85
2/13/12,87
2/14/12,83
2/15/12,77
2/16/12,80
2/17/12,86
2/21/12,84
2/22/12,81
2/23/12,84
2/24/12,82
2/27/12,78
2/28/12,80
2/29/12,78
3/1/12,80
3/2/12,79
3/5/12,73
3/6/12,60
3/7/12,64
3/8/12,69
3/9/12,70
3/12/12,73
3/13/12,81
3/14/12,81
3/15/12,82
3/16/12,84
3/19/12,85
3/20/12,82
3/21/12,81
3/22/12,76
3/23/12,75
3/26/12,76
3/27/12,71
3/28/12,68
3/29/12,65
3/30/12,66
4/2/12,68
4/3/12,70
4/4/12,65
4/5/12,62
4/9/12,50
4/10/12,40
4/11/12,37
4/12/12,44
4/13/12,33
4/16/12,32
4/17/12,36
4/18/12,36
4/19/12,34
4/20/12,37
4/23/12,33
4/24/12,33
4/25/12,41
4/26/12,43
4/27/12,46
4/30/12,42
5/1/12,44
5/2/12,37
5/3/12,30
5/4/12,20
5/7/12,22
5/8/12,21
5/9/12,16
5/10/12,19
5/11/12,18
5/14/12,12
5/15/12,10
5/16/12,9
5/17/12,6
5/18/12,5
5/21/12,13
5/22/12,15
5/23/12,14
5/24/12,17
5/25/12,18
5/29/12,19
5/30/12,10
5/31/12,9
6/1/12,6
6/4/12,7
6/5/12,11
6/6/12,21
6/7/12,24
6/8/12,26
6/11/12,22
6/12/12,27
6/13/12,23
6/14/12,27
6/15/12,32
6/18/12,38
6/19/12,43
6/20/12,48
6/21/12,42
6/22/12,47
6/25/12,40
6/26/12,40
6/27/12,44
6/28/12,45
6/29/12,57
7/2/12,59
7/3/12,62
7/5/12,60
7/6/12,59
7/9/12,57
7/10/12,57
7/11/12,57
7/12/12,56
7/13/12,62
7/16/12,63
7/17/12,67
7/18/12,70
7/19/12,72
7/20/12,69
7/23/12,62
7/24/12,60
7/25/12,60
7/26/12,64
7/27/12,71
7/30/12,69
7/31/12,69
8/1/12,69
8/2/12,67
8/3/12,75
8/6/12,77
8/7/12,82
8/8/12,85
8/9/12,87
8/10/12,86
8/13/12,88
8/14/12,86
8/15/12,87
8/16/12,88
8/17/12,91
8/20/12,91
8/21/12,89
8/22/12,87
8/23/12,83
8/24/12,82
8/27/12,79
8/28/12,78
8/29/12,77
8/30/12,73
8/31/12,72
9/4/12,70
9/5/12,70
9/6/12,79
9/7/12,85
9/10/12,83
9/11/12,87
9/12/12,90
9/13/12,93
9/14/12,94
9/17/12,93
9/18/12,91
9/19/12,92
9/20/12,90
9/21/12,90
9/24/12,88
9/25/12,82
9/26/12,75
9/27/12,80
9/28/12,77
10/1/12,76
10/2/12,79
10/3/12,80
10/4/12,82
10/5/12,84
10/8/12,82
10/9/12,75
10/10/12,71
10/11/12,68
10/12/12,57
10/15/12,58
10/16/12,64
10/17/12,69
10/18/12,69
10/19/12,59
10/22/12,58
10/23/12,48
10/24/12,45
10/25/12,43
10/26/12,41
10/31/12,38
11/1/12,48
11/2/12,42
11/5/12,40
11/6/12,45
11/7/12,31
11/8/12,21
11/9/12,18
11/12/12,20
11/13/12,16
11/14/12,11
11/15/12,9
11/16/12,12
11/19/12,21
11/20/12,25
11/21/12,28
11/23/12,38
11/26/12,39
11/27/12,37
11/28/12,42
11/29/12,46
11/30/12,43
12/3/12,43
12/4/12,39
12/5/12,41
12/6/12,43
12/7/12,49
12/10/12,48
12/11/12,56
12/12/12,58
12/13/12,58
12/14/12,55
12/17/12,61
12/18/12,67
12/19/12,62
12/20/12,62
12/21/12,58
12/24/12,57
12/26/12,50
12/27/12,47
12/28/12,41
12/31/12,54
1/2/13,72
1/3/13,77
1/4/13,81
1/7/13,81
1/8/13,77
1/9/13,78
1/10/13,79
1/11/13,79
1/14/13,82
1/15/13,84
1/16/13,81
1/17/13,84
1/18/13,88
1/22/13,87
1/23/13,88
1/24/13,89
1/25/13,91
1/28/13,86
1/29/13,87
1/30/13,82
1/31/13,76
2/1/13,83
2/4/13,76
2/5/13,82
2/6/13,84
2/7/13,84
2/8/13,85
2/11/13,87
2/12/13,88
2/13/13,88
2/14/13,89
2/15/13,88
2/19/13,91
2/20/13,81
2/21/13,74
2/22/13,77
2/25/13,59
2/26/13,60
2/27/13,67
2/28/13,66
3/1/13,64
3/4/13,67
3/5/13,74
3/6/13,76
3/7/13,80
3/8/13,85
3/11/13,88
3/12/13,86
3/13/13,85
3/14/13,86
3/15/13,86
3/18/13,80
3/19/13,74
3/20/13,81
3/21/13,76
3/22/13,76
3/25/13,76
3/26/13,81
3/27/13,76
3/28/13,79
4/1/13,76
4/2/13,78
4/3/13,66
4/4/13,60
4/5/13,53
4/8/13,58
4/9/13,61
4/10/13,71
4/11/13,75
4/12/13,72
4/15/13,51
4/16/13,59
4/17/13,43
4/18/13,37
4/19/13,45
4/22/13,46
4/23/13,52
4/24/13,55
4/25/13,60
4/26/13,62
4/29/13,66
4/30/13,67
5/1/13,62
5/2/13,69
5/3/13,79
5/6/13,81
5/7/13,83
5/8/13,84
5/9/13,82
5/10/13,86
5/13/13,85
5/14/13,88
5/15/13,91
5/16/13,87
5/17/13,92
5/20/13,90
5/21/13,88
5/22/13,84
5/23/13,76
5/24/13,72
5/28/13,73
5/29/13,62
5/30/13,66
5/31/13,54
6/3/13,49
6/4/13,42
6/5/13,26
6/6/13,25
6/7/13,34
6/10/13,32
6/11/13,19
6/12/13,14
6/13/13,21
6/14/13,19
6/17/13,21
6/18/13,27
6/19/13,26
6/20/13,11
6/21/13,16
6/24/13,12
6/25/13,15
6/26/13,20
6/27/13,23
6/28/13,25
7/1/13,28
7/2/13,28
7/3/13,30
7/5/13,39
7/8/13,37
7/9/13,41
7/10/13,45
7/11/13,52
7/12/13,55
7/15/13,59
7/16/13,56
7/17/13,58
7/18/13,63
7/19/13,67
7/22/13,66
7/23/13,68
7/24/13,65
7/25/13,64
7/26/13,62
7/29/13,62
7/30/13,63
7/31/13,63
8/1/13,69
8/2/13,66
8/5/13,66
8/6/13,61
8/7/13,56
8/8/13,56
8/9/13,53
8/12/13,54
8/13/13,58
8/14/13,56
8/15/13,46
8/16/13,46
8/19/13,41
8/20/13,38
8/21/13,33
8/22/13,37
8/23/13,38
8/26/13,34
8/27/13,24
8/28/13,27
8/29/13,23
8/30/13,20
9/3/13,24
9/4/13,30
9/5/13,34
9/6/13,34
9/9/13,40
9/10/13,45
9/11/13,44
9/12/13,42
9/13/13,42
9/16/13,44
9/17/13,43
9/18/13,49
9/19/13,54
9/20/13,53
9/23/13,47
9/24/13,47
9/25/13,47
9/26/13,48
9/27/13,44
9/30/13,40
10/1/13,45
10/2/13,43
10/3/13,35
10/4/13,44
10/7/13,38
10/8/13,31
10/9/13,33
10/10/13,46
10/11/13,50
10/14/13,53
10/15/13,49
10/16/13,61
10/17/13,65
10/18/13,73
10/21/13,76
10/22/13,81
10/23/13,80
10/24/13,81
10/25/13,81
10/28/13,82
10/29/13,83
10/30/13,82
10/31/13,81
11/1/13,83
11/4/13,85
11/5/13,84
11/6/13,85
11/7/13,76
11/8/13,83
11/11/13,82
11/12/13,80
11/13/13,82
11/14/13,82
11/15/13,82
11/18/13,77
11/19/13,75
11/20/13,73
11/21/13,77
11/22/13,78
11/25/13,77
11/26/13,79
11/27/13,81
11/29/13,80
12/2/13,79
12/3/13,74
12/4/13,73
12/5/13,70
12/6/13,76
12/9/13,71
12/10/13,68
12/11/13,62
12/12/13,59
12/13/13,54
12/16/13,57
12/17/13,54
12/18/13,64
12/19/13,63
12/20/13,67
12/23/13,73
12/24/13,78
12/26/13,81
12/27/13,81
12/30/13,78
12/31/13,81
1/2/14,76
1/3/14,77
1/6/14,77
1/7/14,81
1/8/14,81
1/9/14,82
1/10/14,83
1/13/14,74
1/14/14,82
1/15/14,84
1/16/14,83
1/17/14,79
1/21/14,81
1/22/14,82
1/23/14,69
1/24/14,46
1/27/14,44
1/28/14,47
1/29/14,37
1/30/14,40
1/31/14,36
2/3/14,26
2/4/14,30
2/5/14,28
2/6/14,34
2/7/14,41
2/10/14,40
2/11/14,48
2/12/14,49
2/13/14,51
2/14/14,57
2/18/14,60
2/19/14,58
2/20/14,62
2/21/14,64
2/24/14,70
2/25/14,71
2/26/14,70
2/27/14,73
2/28/14,72
3/3/14,64
3/4/14,78
3/5/14,81
3/6/14,83
3/7/14,85
3/10/14,82
3/11/14,77
3/12/14,69
3/13/14,57
3/14/14,53
3/17/14,61
3/18/14,65
3/19/14,68
3/20/14,71
3/21/14,71
3/24/14,67
3/25/14,69
3/26/14,63
3/27/14,61
3/28/14,63
3/31/14,69
4/1/14,72
4/2/14,75
4/3/14,73
4/4/14,66
4/7/14,58
4/8/14,57
4/9/14,63
4/10/14,52
4/11/14,44
4/14/14,47
4/15/14,48
4/16/14,51
4/17/14,57
4/21/14,64
4/22/14,68
4/23/14,65
4/24/14,66
4/25/14,59
4/28/14,56
4/29/14,55
4/30/14,57
5/1/14,56
5/2/14,57
5/5/14,58
5/6/14,54
5/7/14,53
5/8/14,50
5/9/14,53
5/12/14,61
5/13/14,62
5/14/14,59
5/15/14,51
5/16/14,53
5/19/14,54
5/20/14,49
5/21/14,54
5/22/14,54
5/23/14,57
5/27/14,59
5/28/14,60
5/29/14,66
5/30/14,72
6/2/14,73
6/3/14,72
6/4/14,78
6/5/14,83
6/6/14,90
6/9/14,91
6/10/14,92
6/11/14,88
6/12/14,84
6/13/14,85
6/16/14,83
6/17/14,83
6/18/14,91
6/19/14,92
6/20/14,90
6/23/14,89
6/24/14,81
6/25/14,81
6/26/14,76
6/27/14,77
6/30/14,74
7/1/14,79
7/2/14,81
7/3/14,84
7/7/14,75
7/8/14,63
7/9/14,63
7/10/14,52
7/11/14,52
7/14/14,56
7/15/14,53
7/16/14,55
7/17/14,33
7/18/14,40
7/21/14,35
7/22/14,37
7/23/14,41
7/24/14,44
7/25/14,36
7/28/14,36
7/29/14,30
7/30/14,29
7/31/14,13
8/1/14,5
8/4/14,12
8/5/14,8
8/6/14,8
8/7/14,5
8/8/14,16
8/11/14,20
8/12/14,22
8/13/14,28
8/14/14,34
8/15/14,30
8/18/14,40
8/19/14,45
8/20/14,49
8/21/14,49
8/22/14,52
8/25/14,52
8/26/14,56
8/27/14,53
8/28/14,52
8/29/14,56
9/2/14,58
9/3/14,59
9/4/14,59
9/5/14,63
9/8/14,59
9/9/14,55
9/10/14,56
9/11/14,56
9/12/14,54
9/15/14,51
9/16/14,52
9/17/14,52
9/18/14,54
9/19/14,52
9/22/14,43
9/23/14,35
9/24/14,38
9/25/14,22
9/26/14,26
9/29/14,22
9/30/14,20
10/1/14,11
10/2/14,14
10/3/14,22
10/6/14,21
10/7/14,13
10/8/14,20
10/9/14,8
10/10/14,3
10/13/14,0
10/14/14,2
10/15/14,0
10/16/14,2
10/17/14,14
10/20/14,22
10/21/14,34
10/22/14,32
10/23/14,40
10/24/14,42
10/27/14,43
10/28/14,48
10/29/14,52
10/30/14,54
10/31/14,61
11/3/14,62
11/4/14,63
11/5/14,66
11/6/14,69
11/7/14,69
11/10/14,71
11/11/14,74
11/12/14,76
11/13/14,77
11/14/14,77
11/17/14,78
11/18/14,79
11/19/14,79
11/20/14,79
11/21/14,81
11/24/14,83
11/25/14,81
11/26/14,82
11/28/14,77
12/1/14,71
12/2/14,73
12/3/14,74
12/4/14,73
12/5/14,75
12/8/14,69
12/9/14,64
12/10/14,55
12/11/14,52
12/12/14,43
12/15/14,40
12/16/14,33
12/17/14,42
12/18/14,54
12/19/14,58
12/22/14,63
12/23/14,68
12/24/14,70
12/26/14,71
12/29/14,70
12/30/14,66
12/31/14,60
1/2/15,59
1/5/15,49
1/6/15,44
1/7/15,49
1/8/15,57
1/9/15,58
1/12/15,55
1/13/15,55
1/14/15,52
1/15/15,49
1/16/15,53
1/20/15,52
1/21/15,56
1/22/15,64
1/23/15,62
1/26/15,64
1/27/15,59
1/28/15,52
1/29/15,54
1/30/15,49
2/2/15,53
2/3/15,64
2/4/15,66
2/5/15,72
2/6/15,72
2/9/15,71
2/10/15,74
2/11/15,74
2/12/15,80
2/13/15,86
2/17/15,87
2/18/15,88
2/19/15,89
2/20/15,91
2/23/15,90
2/24/15,90
2/25/15,90
2/26/15,91
2/27/15,87
3/2/15,91
3/3/15,86
3/4/15,82
3/5/15,82
3/6/15,75
3/9/15,73
3/10/15,62
3/11/15,57
3/12/15,62
3/13/15,54
3/16/15,54
3/17/15,48
3/18/15,51
3/19/15,51
3/20/15,58
3/23/15,60
3/24/15,59
3/25/15,52
3/26/15,50
3/27/15,48
3/30/15,52
3/31/15,49
4/1/15,46
4/2/15,46
4/6/15,52
4/7/15,53
4/8/15,59
4/9/15,67
4/10/15,74
4/13/15,69
4/14/15,69
4/15/15,73
4/16/15,73
4/17/15,63
4/20/15,67
4/21/15,67
4/22/15,70
4/23/15,72
4/24/15,74
4/27/15,71
4/28/15,73
4/29/15,67
4/30/15,60
5/1/15,65
5/4/15,66
5/5/15,56
5/6/15,50
5/7/15,47
5/8/15,56
5/11/15,52
5/12/15,49
5/13/15,52
5/14/15,58
5/15/15,59
5/18/15,60
5/19/15,60
5/20/15,57
5/21/15,57
5/22/15,54
5/26/15,44
5/27/15,47
5/28/15,43
5/29/15,41
6/1/15,40
6/2/15,43
6/3/15,48
6/4/15,42
6/5/15,43
6/8/15,38
6/9/15,37
6/10/15,46
6/11/15,43
6/12/15,32
6/15/15,25
6/16/15,24
6/17/15,24
6/18/15,31
6/19/15,28
6/22/15,39
6/23/15,45
6/24/15,38
6/25/15,34
6/26/15,33
6/29/15,9
6/30/15,10
7/1/15,19
7/2/15,18
7/6/15,13
7/7/15,16
7/8/15,4
7/9/15,6
7/10/15,21
7/13/15,34
7/14/15,40
7/15/15,42
7/16/15,47
7/17/15,46
7/20/15,47
7/21/15,40
7/22/15,37
7/23/15,32
7/24/15,21
7/27/15,12
7/28/15,26
7/29/15,32
7/30/15,36
7/31/15,39
8/3/15,36
8/4/15,34
8/5/15,38
8/6/15,24
8/7/15,17
8/10/15,26
8/11/15,18
8/12/15,18
8/13/15,20
8/14/15,25
8/17/15,25
8/18/15,27
8/19/15,20
8/20/15,7
8/21/15,0
8/24/15,0
8/25/15,5
8/26/15,14
8/27/15,23
8/28/15,27
8/31/15,29
9/1/15,22
9/2/15,29
9/3/15,31
9/4/15,27
9/8/15,33
9/9/15,33
9/10/15,34
9/11/15,34
9/14/15,33
9/15/15,35
9/16/15,37
9/17/15,38
9/18/15,36
9/21/15,46
9/22/15,45
9/23/15,48
9/24/15,40
9/25/15,40
9/28/15,28
9/29/15,26
9/30/15,32
10/1/15,33
10/2/15,36
10/5/15,49
10/6/15,50
10/7/15,55
10/8/15,60
10/9/15,63
10/12/15,66
10/13/15,62
10/14/15,60
10/15/15,63
10/16/15,67
10/19/15,67
10/20/15,71
10/21/15,69
10/22/15,76
10/23/15,80
10/26/15,80
10/27/15,80
10/28/15,87
10/29/15,89
10/30/15,88
11/2/15,89
11/3/15,91
11/4/15,88
11/5/15,85
11/6/15,85
11/9/15,80
11/10/15,79
11/11/15,80
11/12/15,71
11/13/15,62
11/16/15,64
11/17/15,63
11/18/15,65
11/19/15,63
11/20/15,66
11/23/15,67
11/24/15,69
11/25/15,70
11/27/15,70
11/30/15,70
12/1/15,72
12/2/15,69
12/3/15,64
12/4/15,68
12/7/15,61
12/8/15,52
12/9/15,49
12/10/15,50
12/11/15,39
12/14/15,43
12/15/15,50
12/16/15,56
12/17/15,50
12/18/15,46
12/21/15,46
12/22/15,51
12/23/15,56
12/24/15,58
12/28/15,53
12/29/15,59
12/30/15,57
12/31/15,54
1/4/16,45
1/5/16,48
1/6/16,41
1/7/16,29
1/8/16,21
1/11/16,20
1/12/16,19
1/13/16,8
1/14/16,12
1/15/16,4
1/19/16,9
1/20/16,9
1/21/16,14
1/22/16,24
1/25/16,22
1/26/16,27
1/27/16,24
1/28/16,25
1/29/16,32
2/1/16,35
2/2/16,28
2/3/16,29
2/4/16,30
2/5/16,24
2/8/16,15
2/9/16,13
2/10/16,15
2/11/16,11
2/12/16,20
2/16/16,30
2/17/16,39
2/18/16,42
2/19/16,45
2/22/16,50
2/23/16,49
2/24/16,50
2/25/16,56
2/26/16,59
2/29/16,57
3/1/16,67
3/2/16,73
3/3/16,75
3/4/16,79
3/7/16,81
3/8/16,77
3/9/16,79
3/10/16,80
3/11/16,85
3/14/16,83
3/15/16,82
3/16/16,83
3/17/16,87
3/18/16,89
3/21/16,89
3/22/16,89
3/23/16,85
3/24/16,82
3/28/16,80
3/29/16,83
3/30/16,85
3/31/16,85
4/1/16,88
4/4/16,86
4/5/16,81
4/6/16,86
4/7/16,80
4/8/16,80
4/11/16,78
4/12/16,82
4/13/16,85
4/14/16,86
4/15/16,86
4/18/16,88
4/19/16,89
4/20/16,89
4/21/16,87
4/22/16,87
4/25/16,86
4/26/16,88
4/27/16,88
4/28/16,86
4/29/16,82
5/2/16,84
5/3/16,79
5/4/16,74
5/5/16,74
5/6/16,74
5/9/16,73
5/10/16,74
5/11/16,71
5/12/16,71
5/13/16,70
5/16/16,74
5/17/16,72
5/18/16,72
5/19/16,68
5/20/16,71
5/23/16,69
5/24/16,75
5/25/16,78
5/26/16,81
5/27/16,84
5/31/16,81
6/1/16,82
6/2/16,83
6/3/16,82
6/6/16,82
6/7/16,82
6/8/16,81
6/9/16,80
6/10/16,71
6/13/16,65
6/14/16,62
6/15/16,61
6/16/16,60
6/17/16,63
6/20/16,68
6/21/16,70
6/22/16,64
6/23/16,71
6/24/16,50
6/27/16,44
6/28/16,54
6/29/16,63
6/30/16,67
7/1/16,74
7/5/16,70
7/6/16,70
7/7/16,71
7/8/16,78
7/11/16,80
7/12/16,84
7/13/16,85
7/14/16,88
7/15/16,89
7/18/16,91
7/19/16,87
7/20/16,90
7/21/16,86
7/22/16,85
7/25/16,85
7/26/16,85
7/27/16,82
7/28/16,82
7/29/16,79
8/1/16,77
8/2/16,77
8/3/16,80
8/4/16,80
8/5/16,85
8/8/16,84
8/9/16,80
8/10/16,75
8/11/16,79
8/12/16,76
8/15/16,80
8/16/16,78
8/17/16,76
8/18/16,76
8/19/16,76
8/22/16,72
8/23/16,75
8/24/16,70
8/25/16,65
8/26/16,63
8/29/16,64
8/30/16,64
8/31/16,62
9/1/16,62
9/2/16,63
9/6/16,65
9/7/16,65
9/8/16,69
9/9/16,45
9/12/16,55
9/13/16,36
9/14/16,34
9/15/16,42
9/16/16,44
9/19/16,44
9/20/16,46
9/21/16,53
9/22/16,59
9/23/16,55
9/26/16,43
9/27/16,45
9/28/16,50
9/29/16,38
9/30/16,46
10/3/16,45
10/4/16,42
10/5/16,49
10/6/16,52
10/7/16,53
10/10/16,55
10/11/16,46
10/12/16,45
10/13/16,36
10/14/16,40
10/17/16,33
10/18/16,39
10/19/16,35
10/20/16,38
10/21/16,43
10/24/16,55
10/25/16,48
10/26/16,42
10/27/16,46
10/28/16,33
10/31/16,30
11/1/16,22
11/2/16,18
11/3/16,14
11/4/16,14
11/7/16,22
11/8/16,30
11/9/16,43
11/10/16,44
11/11/16,46
11/14/16,52
11/15/16,63
11/16/16,60
11/17/16,64
11/18/16,62
11/21/16,67
11/22/16,67
11/23/16,70
11/25/16,72
11/28/16,70
11/29/16,71
11/30/16,75
12/1/16,70
12/2/16,71
12/5/16,75
12/6/16,76
12/7/16,83
12/8/16,84
12/9/16,86
12/12/16,87
12/13/16,88
12/14/16,86
12/15/16,86
12/16/16,84
12/19/16,82
12/20/16,79
12/21/16,75
12/22/16,69
12/23/16,67
12/27/16,70
12/28/16,67
12/29/16,65
12/30/16,59
1/3/17,70
1/4/17,70
1/5/17,70
1/6/17,68
1/9/17,67
1/10/17,62
1/11/17,60
1/12/17,55
1/13/17,57
1/17/17,58
1/18/17,55
1/19/17,54
1/20/17,54
1/23/17,50
1/24/17,52
1/25/17,59
1/26/17,57
1/27/17,59
1/30/17,55
1/31/17,54
2/1/17,52
2/2/17,51
2/3/17,59
2/6/17,57
2/7/17,57
2/8/17,61
2/9/17,66
2/10/17,68
2/13/17,72
2/14/17,78
2/15/17,80
2/16/17,78
2/17/17,77
2/21/17,83
2/22/17,80
2/23/17,75
2/24/17,69
2/27/17,69
2/28/17,65
3/1/17,78
3/2/17,75
3/3/17,74
3/6/17,69
3/7/17,70
3/8/17,62
3/9/17,62
3/10/17,65
3/13/17,64
3/14/17,51
3/15/17,53
3/16/17,51
3/17/17,45
3/20/17,43
3/21/17,35
3/22/17,34
3/23/17,30
3/24/17,30
3/27/17,29
3/28/17,34
3/29/17,34
3/30/17,42
3/31/17,47
4/3/17,45
4/4/17,46
4/5/17,44
4/6/17,43
4/7/17,40
4/10/17,37
4/11/17,30
4/12/17,28
4/13/17,25
4/17/17,30
4/18/17,30
4/19/17,30
4/20/17,34
4/21/17,34
4/24/17,39
4/25/17,46
4/26/17,48
4/27/17,50
4/28/17,50
5/1/17,50
5/2/17,51
5/3/17,47
5/4/17,45
5/5/17,47
5/8/17,48
5/9/17,50
5/10/17,61
5/11/17,63
5/12/17,62
5/15/17,64
5/16/17,66
5/17/17,45
5/18/17,44
5/19/17,49
5/22/17,50
5/23/17,47
5/24/17,54
5/25/17,57
5/26/17,58
5/30/17,53
5/31/17,50
6/1/17,56
6/2/17,58
6/5/17,58
6/6/17,55
6/7/17,55
6/8/17,55
6/9/17,54
6/12/17,55
6/13/17,55
6/14/17,52
6/15/17,52
6/16/17,50
6/19/17,57
6/20/17,47
6/21/17,42
6/22/17,50
6/23/17,52
6/26/17,53
6/27/17,50
6/28/17,59
6/29/17,48
6/30/17,49
7/3/17,52
7/5/17,57
7/6/17,43
7/7/17,49
7/10/17,46
7/11/17,41
7/12/17,47
7/13/17,55
7/14/17,64
7/17/17,64
7/18/17,62
7/19/17,73
7/20/17,76
7/21/17,72
7/24/17,72
7/25/17,81
7/26/17,79
7/27/17,73
7/28/17,70
7/31/17,70
8/1/17,61
8/2/17,67
8/3/17,59
8/4/17,64
8/7/17,63
8/8/17,61
8/9/17,54
8/10/17,31
8/11/17,28
8/14/17,39
8/15/17,36
8/16/17,34
8/17/17,19
8/18/17,17
8/21/17,15
8/22/17,22
8/23/17,19
8/24/17,22
8/25/17,28
8/28/17,29
8/29/17,29
8/30/17,34
8/31/17,43
9/1/17,48
9/5/17,37
9/6/17,41
9/7/17,38
9/8/17,38
9/11/17,52
9/12/17,62
9/13/17,67
9/14/17,68
9/15/17,77
9/18/17,79
9/19/17,81
9/20/17,79
9/21/17,73
9/22/17,70
9/25/17,65
9/26/17,67
9/27/17,77
9/28/17,79
9/29/17,85
10/2/17,89
10/3/17,92
10/4/17,91
10/5/17,95
10/6/17,92
10/9/17,84
10/10/17,85
10/11/17,83
10/12/17,77
10/13/17,74
10/16/17,78
10/17/17,78
10/18/17,82
10/19/17,83
10/20/17,89
10/23/17,85
10/24/17,86
10/25/17,75
10/26/17,71
10/27/17,74
10/30/17,65
10/31/17,67
11/1/17,67
11/2/17,72
11/3/17,69
11/6/17,66
11/7/17,68
11/8/17,58
11/9/17,54
11/10/17,54
11/13/17,59
11/14/17,53
11/15/17,49
11/16/17,36
11/17/17,50
11/20/17,49
11/21/17,54
11/22/17,55
11/24/17,57
11/27/17,52
11/28/17,64
11/29/17,65
11/30/17,72
12/1/17,67
12/4/17,63
12/5/17,63
12/6/17,61
12/7/17,59
12/8/17,64
12/11/17,62
12/12/17,66
12/13/17,67
12/14/17,65
12/15/17,68
12/18/17,74
12/19/17,73
12/20/17,71
12/21/17,71
12/22/17,66
12/26/17,64
12/27/17,62
12/28/17,62
12/29/17,53
1/2/18,62
1/3/18,67
1/4/18,71
1/5/18,74
1/8/18,75
1/9/18,76
1/10/18,74
1/11/18,77
1/12/18,79
1/16/18,75
1/17/18,76
1/18/18,73
1/19/18,80
1/22/18,79
1/23/18,78
1/24/18,78
1/25/18,77
1/26/18,79
1/29/18,69
1/30/18,62
1/31/18,61
2/1/18,61
2/2/18,58
2/5/18,40
2/6/18,17
2/7/18,18
2/8/18,16
2/9/18,8
2/12/18,10
2/13/18,12
2/14/18,13
2/15/18,11
2/16/18,15
2/20/18,18
2/21/18,17
2/22/18,18
2/23/18,15
2/26/18,18
2/27/18,20
2/28/18,17
3/1/18,12
3/2/18,8
3/5/18,10
3/6/18,14
3/7/18,26
3/8/18,20
3/9/18,25
3/12/18,44
3/13/18,37
3/14/18,30
3/15/18,21
3/16/18,19
3/19/18,14
3/20/18,15
3/21/18,17
3/22/18,9
3/23/18,7
3/26/18,8
3/27/18,6
3/28/18,6
3/29/18,8
4/2/18,8
4/3/18,9
4/4/18,11
4/5/18,13
4/6/18,9
4/9/18,12
4/10/18,17
4/11/18,17
4/12/18,21
4/13/18,23
4/16/18,25
4/17/18,28
4/18/18,31
4/19/18,32
4/20/18,38
4/23/18,40
4/24/18,33
4/25/18,37
4/26/18,42
4/27/18,41
4/30/18,42
5/1/18,38
5/2/18,38
5/3/18,32
5/4/18,40
5/7/18,44
5/8/18,41
5/9/18,49
5/10/18,55
5/11/18,55
5/14/18,54
5/15/18,51
5/16/18,55
5/17/18,54
5/18/18,52
5/21/18,56
5/22/18,59
5/23/18,54
5/24/18,48
5/25/18,45
5/29/18,36
5/30/18,41
5/31/18,43
6/1/18,49
6/4/18,55
6/5/18,58
6/6/18,64
6/7/18,63
6/8/18,62
6/11/18,65
6/12/18,65
6/13/18,63
6/14/18,64
6/15/18,61
6/18/18,61
6/19/18,54
6/20/18,56
6/21/18,52
6/22/18,53
6/25/18,42
6/26/18,48
6/27/18,36
6/28/18,38
6/29/18,34
7/2/18,35
7/3/18,32
7/5/18,33
7/6/18,40
7/9/18,46
7/10/18,48
7/11/18,41
7/12/18,49
7/13/18,47
7/16/18,45
7/17/18,48
7/18/18,56
7/19/18,51
7/20/18,53
7/23/18,57
7/24/18,64
7/25/18,70
7/26/18,72
7/27/18,68
7/30/18,64
7/31/18,66
8/1/18,65
8/2/18,69
8/3/18,71
8/6/18,72
8/7/18,73
8/8/18,74
8/9/18,71
8/10/18,61
8/13/18,56
8/14/18,58
8/15/18,47
8/16/18,50
8/17/18,54
8/20/18,56
8/21/18,61
8/22/18,62
8/23/18,59
8/24/18,68
8/27/18,76
8/28/18,74
8/29/18,78
8/30/18,73
8/31/18,70
9/4/18,67
9/5/18,61
9/6/18,54
9/7/18,51
9/10/18,56
9/11/18,58
9/12/18,60
9/13/18,72
9/14/18,74
9/17/18,68
9/18/18,72
9/19/18,71
9/20/18,72
9/21/18,74
9/24/18,70
9/25/18,65
9/26/18,56
9/27/18,47
9/28/18,48
10/1/18,49
10/2/18,46
10/3/18,49
10/4/18,41
10/5/18,31
10/8/18,28
10/9/18,23
10/10/18,8
10/11/18,5
10/12/18,11
10/15/18,11
10/16/18,13
10/17/18,13
10/18/18,12
10/19/18,14
10/22/18,16
10/23/18,12
10/24/18,6
10/25/18,9
10/26/18,7
10/29/18,7
10/30/18,10
10/31/18,7
11/1/18,8
11/2/18,8
11/5/18,10
11/6/18,11
11/7/18,25
11/8/18,29
11/9/18,19
11/12/18,12
11/13/18,10
11/14/18,8
11/15/18,10
11/16/18,10
11/19/18,9
11/20/18,7
11/21/18,13
11/23/18,9
11/26/18,17
11/27/18,19
11/28/18,24
11/29/18,23
11/30/18,23
12/3/18,32
12/4/18,20
12/6/18,15
12/7/18,11
12/10/18,10
12/11/18,8
12/12/18,10
12/13/18,11
12/14/18,8
12/17/18,10
12/18/18,8
12/19/18,9
12/20/18,5
12/21/18,3
12/24/18,2
12/26/18,4
12/27/18,5
12/28/18,11
12/31/18,12
1/2/19,12
1/3/19,10
1/4/19,16
1/7/19,19
1/8/19,24
1/9/19,27
1/10/19,31
1/11/19,30
1/14/19,28
1/15/19,31
1/16/19,37
1/17/19,44
1/18/19,50
1/22/19,51
1/23/19,55
1/24/19,58
1/25/19,58
1/28/19,55
1/29/19,55
1/30/19,58
1/31/19,60
2/1/19,61
2/4/19,64
2/5/19,64
2/6/19,64
2/7/19,63
2/8/19,61
2/11/19,62
2/12/19,67
2/13/19,67
2/14/19,65
2/15/19,70
2/19/19,68
2/20/19,70
2/21/19,68
2/22/19,69
2/25/19,70
2/26/19,71
2/27/19,72
2/28/19,72
3/1/19,74
3/4/19,66
3/5/19,66
3/6/19,63
3/7/19,59
3/8/19,55
3/11/19,59
3/12/19,58
3/13/19,60
3/14/19,60
3/15/19,65
3/18/19,65
3/19/19,67
3/20/19,64
3/21/19,67
3/22/19,60
3/25/19,56
3/26/19,54
3/27/19,51
3/28/19,48
3/29/19,49
4/1/19,53
4/2/19,56
4/3/19,61
4/4/19,71
4/5/19,74
4/8/19,74
4/9/19,70
4/10/19,70
4/11/19,68
4/12/19,73
4/15/19,68
4/16/19,69
4/17/19,71
4/18/19,70
4/22/19,71
4/23/19,75
4/24/19,71
4/25/19,72
4/26/19,72
4/29/19,71
4/30/19,66
5/1/19,60
5/2/19,59
5/3/19,60
5/6/19,55
5/7/19,40
5/8/19,42
5/9/19,40
5/10/19,44
5/13/19,32
5/14/19,35
5/15/19,35
5/16/19,39
5/17/19,36
5/20/19,34
5/21/19,34
5/22/19,32
5/23/19,28
5/24/19,27
5/28/19,26
5/29/19,23
5/30/19,24
5/31/19,24
6/3/19,22
6/4/19,25
6/5/19,29
6/6/19,29
6/7/19,32
6/10/19,37
6/11/19,36
6/12/19,35
6/13/19,39
6/14/19,38
6/17/19,37
6/18/19,44
6/19/19,43
6/20/19,46
6/21/19,50
6/24/19,51
6/25/19,44
6/26/19,47
6/27/19,47
6/28/19,51
7/1/19,55
7/2/19,56
7/3/19,61
7/5/19,60
7/8/19,59
7/9/19,56
7/10/19,58
7/11/19,61
7/12/19,64
7/15/19,57
7/16/19,56
7/17/19,47
7/18/19,47
7/19/19,43
7/22/19,44
7/23/19,49
7/24/19,57
7/25/19,55
7/26/19,59
7/29/19,58
7/30/19,53
7/31/19,48
8/1/19,43
8/2/19,38
8/5/19,23
8/6/19,27
8/7/19,25
8/8/19,25
8/9/19,25
8/12/19,24
8/13/19,27
8/14/19,21
8/15/19,20
8/16/19,20
8/19/19,26
8/20/19,24
8/21/19,25
8/22/19,25
8/23/19,21
8/26/19,19
8/27/19,16
8/28/19,18
8/29/19,26
8/30/19,24
9/3/19,26
9/4/19,28
9/5/19,38
9/6/19,35
9/9/19,45
9/10/19,54
9/11/19,57
9/12/19,65
9/13/19,68
9/16/19,67
9/17/19,66
9/18/19,66
9/19/19,63
9/20/19,60
9/23/19,59
9/24/19,55
9/25/19,59
9/26/19,58
9/27/19,52
9/30/19,54
10/1/19,47
10/2/19,34
10/3/19,28
10/4/19,32
10/7/19,30
10/8/19,29
10/9/19,30
10/10/19,36
10/11/19,41
10/14/19,43
10/15/19,42
10/16/19,47
10/17/19,50
10/18/19,50
10/21/19,55
10/22/19,59
10/23/19,55
10/24/19,57
10/25/19,62
10/28/19,67
10/29/19,71
10/30/19,76
10/31/19,72
11/1/19,77
11/4/19,86
11/5/19,89
11/6/19,88
11/7/19,90
11/8/19,91
11/11/19,89
11/12/19,88
11/13/19,87
11/14/19,84
11/15/19,87
11/18/19,83
11/19/19,80
11/20/19,74
11/21/19,69
11/22/19,69
11/25/19,70
11/26/19,70
11/27/19,78
11/29/19,79
12/2/19,74
12/3/19,65
12/4/19,67
12/5/19,67
12/6/19,70
12/9/19,70
12/10/19,64
12/11/19,62
12/12/19,73
12/13/19,76
12/16/19,81
12/17/19,85
12/18/19,87
12/19/19,90
12/20/19,91
12/23/19,92
12/24/19,91
12/26/19,93
12/27/19,92
12/30/19,90
12/31/19,92
1/2/20,97
1/3/20,94
1/6/20,92
1/7/20,89
1/8/20,92
1/9/20,93
1/10/20,92
1/13/20,89
1/14/20,91
1/15/20,87
1/16/20,89
1/17/20,89
1/21/20,82
1/22/20,74
1/23/20,68
1/24/20,63
1/27/20,48
1/28/20,53
1/29/20,53
1/30/20,55
1/31/20,45
2/3/20,46
2/4/20,55
2/5/20,60
2/6/20,64
2/7/20,57
2/10/20,58
2/11/20,56
2/12/20,59
2/13/20,58
2/14/20,55
2/18/20,51
2/19/20,53
2/20/20,49
2/21/20,44
2/24/20,29
2/25/20,23
2/26/20,21
2/27/20,13
2/28/20,10
3/2/20,14
3/3/20,10
3/4/20,15
3/5/20,9
3/6/20,7
3/9/20,3
3/10/20,6
3/11/20,4
3/12/20,2
3/13/20,5
3/16/20,2
3/17/20,4
3/18/20,5
3/19/20,7
3/20/20,8
3/23/20,5
3/24/20,13
3/25/20,17
3/26/20,22
3/27/20,23
3/30/20,25
3/31/20,25
4/1/20,22
4/2/20,21
4/3/20,21
4/6/20,27
4/7/20,26
4/8/20,31
4/9/20,42
4/13/20,37
4/14/20,45
4/15/20,41
4/16/20,42
4/17/20,43
4/20/20,41
4/21/20,40
4/22/20,40
4/23/20,40
4/24/20,38
4/27/20,42
4/28/20,42
4/29/20,46
4/30/20,47
5/1/20,43
5/4/20,44
5/5/20,43
5/6/20,40
5/7/20,40
5/8/20,43
5/11/20,44
5/12/20,39
5/13/20,39
5/14/20,38
5/15/20,39
5/18/20,47
5/19/20,48
5/20/20,52
5/21/20,52
5/22/20,50
5/26/20,50
5/27/20,53
5/28/20,50
5/29/20,52
6/1/20,58
6/2/20,58
6/3/20,60
6/4/20,62
6/5/20,65
6/8/20,67
6/9/20,67
6/10/20,66
6/11/20,56
6/12/20,53
6/15/20,53
6/16/20,52
6/17/20,52
6/18/20,51
6/19/20,53
6/22/20,52
6/23/20,52
6/24/20,48
6/25/20,49
6/26/20,46
6/29/20,48
6/30/20,47
7/1/20,48
7/2/20,50
7/6/20,51
7/7/20,49
7/8/20,52
7/9/20,53
7/10/20,59
7/13/20,54
7/14/20,61
7/15/20,62
7/16/20,62
7/17/20,63
7/20/20,65
7/21/20,65
7/22/20,65
7/23/20,68
7/24/20,63
7/27/20,65
7/28/20,63
7/29/20,64
7/30/20,62
7/31/20,65
8/3/20,67
8/4/20,68
8/5/20,70
8/6/20,73
8/7/20,71
8/10/20,74
8/11/20,71
8/12/20,73
8/13/20,72
8/14/20,72
8/17/20,71
8/18/20,70
8/19/20,68
8/20/20,70
8/21/20,69
8/24/20,71
8/25/20,73
8/26/20,74
8/27/20,76
8/28/20,77
8/31/20,75
9/1/20,76
9/2/20,77
9/3/20,60
9/4/20,61
9/8/20,55
9/9/20,65
9/10/20,61
9/11/20,61
9/14/20,61
9/15/20,59
9/16/20,56
9/17/20,53
9/18/20,52
9/21/20,51
9/22/20,52
9/23/20,47
9/24/20,48
9/25/20,49
9/28/20,49
9/29/20,44
9/30/20,45
10/1/20,43
10/2/20,40
10/5/20,44
10/6/20,44
10/7/20,50
10/8/20,53
10/9/20,54
10/12/20,58
10/13/20,55
10/14/20,56
10/15/20,59
10/16/20,62
10/19/20,61
10/20/20,57
10/21/20,64
10/22/20,68
10/23/20,66
10/26/20,56
10/27/20,48
10/28/20,43
10/29/20,33
10/30/20,32
11/2/20,28
11/3/20,30
11/4/20,34
11/5/20,38
11/6/20,39
11/9/20,52
11/10/20,58
11/11/20,65
11/12/20,57
11/13/20,59
11/16/20,69
11/17/20,70
11/18/20,63
11/19/20,64
11/20/20,64
11/23/20,75
11/24/20,88
11/25/20,91
11/27/20,91
11/30/20,88
12/1/20,92
12/2/20,86
12/3/20,85
12/4/20,88
12/7/20,88
12/8/20,83
12/9/20,80
12/10/20,77
12/11/20,76
12/14/20,70
12/15/20,69
12/16/20,69
12/17/20,70
12/18/20,63
12/21/20,63
12/22/20,61
12/23/20,57
12/24/20,53
12/28/20,54
12/29/20,52
12/30/20,51
12/31/20,51
1/4/21,52
1/5/21,53
1/6/21,59
1/7/21,66
1/8/21,70
1/11/21,64
1/12/21,69
1/13/21,70
1/14/21,66
1/15/21,60
1/19/21,61
1/20/21,69
1/21/21,71
1/22/21,69
1/25/21,68
1/26/21,62
1/27/21,40
1/28/21,47
1/29/21,35
2/1/21,43
2/2/21,57
2/3/21,57
2/4/21,53
2/5/21,60
2/8/21,64
2/9/21,57
2/10/21,56
2/11/21,65
2/12/21,63
2/16/21,69
2/17/21,66
2/18/21,60
2/19/21,59
2/22/21,57
2/23/21,58
2/24/21,63
2/25/21,54
2/26/21,50
3/1/21,65
3/2/21,62
3/3/21,58
3/4/21,47
3/5/21,58
3/8/21,48
3/9/21,52
3/10/21,52
3/11/21,56
3/12/21,65
3/15/21,68
3/16/21,65
3/17/21,58
3/18/21,54
3/19/21,53
3/22/21,55
3/23/21,50
3/24/21,40
3/25/21,40
3/26/21,51
3/29/21,43
3/30/21,44
3/31/21,51
4/1/21,57
4/5/21,64
4/6/21,64
4/7/21,63
4/8/21,62
4/9/21,59
4/12/21,54
4/13/21,53
4/14/21,49
4/15/21,54
4/16/21,59
4/19/21,57
4/20/21,48
4/21/21,58
4/22/21,56
4/23/21,61
4/26/21,57
4/27/21,58
4/28/21,62
4/29/21,65
4/30/21,57
5/3/21,53
5/4/21,51
5/5/21,51
5/6/21,51
5/7/21,55
5/10/21,51
5/11/21,48
5/12/21,37
5/13/21,40
5/14/21,40
5/17/21,40
5/18/21,38
5/19/21,35
5/20/21,37
5/21/21,34
5/24/21,36
5/25/21,33
5/26/21,35
5/27/21,36
5/28/21,38
6/1/21,40
6/2/21,47
6/3/21,46
6/4/21,48
6/7/21,48
6/8/21,50
6/9/21,50
6/10/21,54
6/11/21,53
6/14/21,53
6/15/21,51
6/16/21,44
6/17/21,42
6/18/21,30
6/21/21,33
6/22/21,33
6/23/21,36
6/24/21,39
6/25/21,44
6/28/21,43
6/29/21,43
6/30/21,42
7/1/21,43
7/2/21,46
7/6/21,40
7/7/21,40
7/8/21,31
7/9/21,36
7/12/21,38
7/13/21,35
7/14/21,35
7/15/21,30
7/16/21,23
7/19/21,18
7/20/21,20
7/21/21,24
7/22/21,25
7/23/21,31
7/26/21,32
7/27/21,26
7/28/21,26
7/29/21,30
7/30/21,25
8/2/21,25
8/3/21,30
8/4/21,27
8/5/21,32
8/6/21,35
8/9/21,35
8/10/21,36
8/11/21,39
8/12/21,42
8/13/21,45
8/16/21,48
8/17/21,37
8/18/21,28
8/19/21,22
8/20/21,23
8/23/21,29
8/24/21,36
8/25/21,42
8/26/21,39
8/27/21,52
8/30/21,58
8/31/21,51
9/1/21,53
9/2/21,57
9/3/21,54
9/7/21,51
9/8/21,50
9/9/21,43
9/10/21,34
9/13/21,37
9/14/21,32
9/15/21,36
9/16/21,38
9/17/21,35
9/20/21,21
9/21/21,23
9/22/21,26
9/23/21,30
9/24/21,32
9/27/21,34
9/28/21,28
9/29/21,28
9/30/21,26
10/1/21,25
10/4/21,25
10/5/21,27
10/6/21,27
10/7/21,32
10/8/21,33
10/11/21,32
10/12/21,33
10/13/21,32
10/14/21,39
10/15/21,48
10/18/21,54
10/19/21,62
10/20/21,66
10/21/21,69
10/22/21,67
10/25/21,71
10/26/21,72
10/27/21,63
10/28/21,72
10/29/21,72
11/1/21,77
11/2/21,78
11/3/21,82
11/4/21,82
11/5/21,85
11/8/21,86
11/9/21,86
11/10/21,82
11/11/21,81
11/12/21,83
11/15/21,82
11/16/21,82
11/17/21,79
11/18/21,75
11/19/21,70
11/22/21,63
11/23/21,60
11/24/21,62
11/26/21,36
11/29/21,42
11/30/21,27
12/1/21,20
12/2/21,25
12/3/21,19
12/6/21,25
12/7/21,35
12/8/21,39
12/9/21,33
12/10/21,38
12/13/21,30
12/14/21,25
12/15/21,30
12/16/21,25
12/17/21,27
12/20/21,25
12/21/21,32
12/22/21,37
12/23/21,42
12/27/21,58
12/28/21,56
12/29/21,60
12/30/21,63
12/31/21,61
1/3/22,67
1/4/22,68
1/5/22,50
1/6/22,50
1/7/22,51
1/10/22,49
1/11/22,60
1/12/22,64
1/13/22,52
1/14/22,53
1/18/22,52
1/19/22,60
1/20/22,52
1/21/22,41
1/24/22,37
1/25/22,37
1/26/22,36
1/27/22,33
1/28/22,36
1/31/22,38
2/1/22,38
2/2/22,36
2/3/22,33
2/4/22,34
2/7/22,34
2/8/22,36
2/9/22,40
2/10/22,37
2/11/22,34
2/14/22,31
2/15/22,37
2/16/22,41
2/17/22,37
2/18/22,38
2/22/22,34
2/23/22,27
2/24/22,26
2/25/22,31
2/28/22,26
3/1/22,19
3/2/22,22
3/3/22,22
3/4/22,17
3/7/22,13
3/8/22,13
3/9/22,16
3/10/22,15
3/11/22,14
3/14/22,15
3/15/22,19
3/16/22,22
3/17/22,26
3/18/22,37
3/21/22,38
3/22/22,43
3/23/22,43
3/24/22,46
3/25/22,46
3/28/22,48
3/29/22,52
3/30/22,50
3/31/22,47
4/1/22,46
4/4/22,48
4/5/22,46
4/6/22,43
4/7/22,45
4/8/22,46
4/11/22,43
4/12/22,43
4/13/22,46
4/14/22,45
4/18/22,45
4/19/22,50
4/20/22,48
4/21/22,46
4/22/22,41
4/25/22,40
4/26/22,29
4/27/22,29
4/28/22,38
4/29/22,28
5/2/22,30
5/3/22,32
5/4/22,38
5/5/22,32
5/6/22,31
5/9/22,22
5/10/22,22
5/11/22,20
5/12/22,6
5/13/22,12
5/16/22,12
5/17/22,15
5/18/22,9
5/19/22,12
5/20/22,11
5/23/22,14
5/24/22,12
5/25/22,13
5/26/22,17
5/27/22,21
5/31/22,21
6/1/22,25
6/2/22,28
6/3/22,27
6/6/22,30
6/7/22,32
6/8/22,32
6/9/22,32
6/10/22,28
6/13/22,16
6/14/22,17
6/15/22,20
6/16/22,14
6/17/22,14
6/21/22,19
6/22/22,22
6/23/22,23
6/24/22,28
6/27/22,29
6/28/22,26
6/29/22,25
6/30/22,23
7/1/22,25
7/5/22,24
7/6/22,25
7/7/22,28
7/8/22,30
7/11/22,27
7/12/22,26
7/13/22,23
7/14/22,23
7/15/22,27
7/18/22,28
7/19/22,34
7/20/22,39
7/21/22,41
7/22/22,39
7/25/22,38
7/26/22,35
7/27/22,38
7/28/22,39
7/29/22,42
8/1/22,40
8/2/22,41
8/3/22,44
8/4/22,47
8/5/22,50
8/8/22,50
8/9/22,49
8/10/22,51
8/11/22,53
8/12/22,55
8/15/22,55
8/16/22,57
8/17/22,55
8/18/22,54
8/19/22,51
8/22/22,46
8/23/22,45
8/24/22,46
8/25/22,48
8/26/22,44
8/29/22,54
8/30/22,49
8/31/22,48
9/1/22,45
9/2/22,41
9/6/22,41
9/7/22,40
9/8/22,42
9/9/22,45
9/12/22,49
9/13/22,40
9/14/22,42
9/15/22,40
9/16/22,36
9/19/22,37
9/20/22,34
9/21/22,30
9/22/22,31
9/23/22,22
9/26/22,18
9/27/22,17
9/28/22,19
9/29/22,15
9/30/22,15
10/3/22,23
10/4/22,30
10/5/22,31
10/6/22,28
10/7/22,22
10/10/22,21
10/11/22,18
10/12/22,18
10/13/22,24
10/14/22,22
10/17/22,29
10/18/22,34
10/19/22,34
10/20/22,38
10/21/22,43
10/24/22,49
10/25/22,53
10/26/22,55
10/27/22,57
10/28/22,61
10/31/22,58
11/1/22,58
11/2/22,50
11/3/22,54
11/4/22,58
11/7/22,61
11/8/22,58
11/9/22,53
11/10/22,63
11/11/22,66
11/14/22,64
11/15/22,67
11/16/22,65
11/17/22,63
11/18/22,62
11/21/22,62
11/22/22,62
11/23/22,66
11/25/22,64
11/28/22,59
11/29/22,61
11/30/22,70
12/1/22,69
12/2/22,63
12/5/22,65
12/6/22,60
12/7/22,58
12/8/22,57
12/9/22,54
12/12/22,59
12/13/22,61
12/14/22,61
12/15/22,51
12/16/22,42
12/19/22,39
12/20/22,38
12/21/22,38
12/22/22,35
12/23/22,39
12/27/22,38
12/28/22,31
12/29/22,36
12/30/22,37
1/3/23,36
1/4/23,40
1/5/23,44
1/6/23,46
1/9/23,48
1/10/23,50
1/11/23,55
1/12/23,57
1/13/23,63
1/17/23,65
1/18/23,57
1/19/23,53
1/20/23,60
1/23/23,64
1/24/23,63
1/25/23,64
1/26/23,69
1/27/23,69
1/30/23,67
1/31/23,71
2/1/23,74
2/2/23,72
2/3/23,76
2/6/23,75
2/7/23,78
2/8/23,73
2/9/23,72
2/10/23,70
2/13/23,71
2/14/23,73
2/15/23,74
2/16/23,69
2/17/23,69
2/21/23,63
2/22/23,63
2/23/23,63
2/24/23,58
2/27/23,62
2/28/23,59
3/1/23,56
3/2/23,50
3/3/23,55
3/6/23,54
3/7/23,48
3/8/23,46
3/9/23,35
3/10/23,24
3/13/23,20
3/14/23,26
3/15/23,19
3/16/23,28
3/17/23,25
3/20/23,29
3/21/23,38
3/22/23,37
3/23/23,34
3/24/23,33
3/27/23,36
3/28/23,38
3/29/23,40
3/30/23,44
3/31/23,49
4/3/23,61
4/4/23,50
4/5/23,53
4/6/23,57
4/10/23,60
4/11/23,60
4/12/23,62
4/13/23,66
4/14/23,67
4/17/23,69
4/18/23,68
4/19/23,68
4/20/23,64
4/21/23,65
4/24/23,64
4/25/23,57
4/26/23,52
4/27/23,59
4/28/23,60
5/1/23,60
5/2/23,53
5/3/23,52
5/4/23,53
5/5/23,59
5/8/23,60
5/9/23,61
5/10/23,60
5/11/23,59
5/12/23,58
5/15/23,59
5/16/23,55
5/17/23,62
5/18/23,65
5/19/23,67
5/22/23,70
5/23/23,66
5/24/23,61
5/25/23,63
5/26/23,68
5/30/23,65
5/31/23,63
6/1/23,68
6/2/23,65
6/5/23,73
6/6/23,74
6/7/23,75
6/8/23,76
6/9/23,77
6/12/23,78
6/13/23,80
6/14/23,81
6/15/23,81
6/16/23,82
6/20/23,79
6/21/23,79
6/22/23,80
6/23/23,74
6/26/23,72
6/27/23,76
6/28/23,77
6/29/23,80
6/30/23,80
7/3/23,85
7/5/23,80
7/6/23,79
7/7/23,78
7/10/23,78
7/11/23,79
7/12/23,80
7/13/23,81
7/14/23,80
7/17/23,80
7/18/23,82
7/19/23,82
7/20/23,80
7/21/23,82
7/24/23,83
7/25/23,81
7/26/23,80
7/27/23,78
7/28/23,78
7/31/23,78
8/1/23,77
8/2/23,67
8/3/23,74
8/4/23,69
8/7/23,72
8/8/23,70
8/9/23,68
8/10/23,68
8/11/23,66
8/14/23,66
8/15/23,57
8/16/23,52
8/17/23,46
8/18/23,45
8/21/23,47
8/22/23,47
8/23/23,50
8/24/23,50
8/25/23,48
8/28/23,47
8/29/23,50
8/30/23,51
8/31/23,54
9/1/23,56
9/5/23,59
9/6/23,56
9/7/23,53
9/8/23,51
9/11/23,52
9/12/23,51
9/13/23,51
9/14/23,55
9/15/23,52
9/18/23,49
9/19/23,49
9/20/23,48
9/21/23,43
9/22/23,36
9/25/23,35
9/26/23,26
9/27/23,25
9/28/23,30
9/29/23,29
10/2/23,28
10/3/23,17
10/4/23,19
10/5/23,26
10/6/23,29
10/9/23,30
10/10/23,32
10/11/23,33
10/12/23,35
10/13/23,29
10/16/23,36
10/17/23,35
10/18/23,35
10/19/23,35
10/20/23,26
10/23/23,27
10/24/23,32
10/25/23,30
10/26/23,25
10/27/23,24
10/30/23,31
10/31/23,31
11/1/23,32
11/2/23,33
11/3/23,42
11/6/23,41
11/7/23,41
11/8/23,40
11/9/23,41
11/10/23,42
11/13/23,40
11/14/23,47
11/15/23,53
11/16/23,55
11/17/23,58
11/20/23,62
11/21/23,64
11/22/23,66
11/24/23,68
11/27/23,65
11/28/23,65
11/29/23,64
11/30/23,66
12/1/23,66
12/4/23,68
12/5/23,67
12/6/23,63
12/7/23,64
12/8/23,68
12/11/23,68
12/12/23,68
12/13/23,69
12/14/23,71
12/15/23,67
12/18/23,77
12/19/23,79
12/20/23,72
12/21/23,74
12/22/23,77
12/26/23,79
12/27/23,77
12/28/23,77
12/29/23,77
1/2/24,75
1/3/24,74
1/4/24,74
1/5/24,73
1/8/24,75
1/9/24,73
1/10/24,75
1/11/24,72
1/12/24,71
1/16/24,70
1/17/24,56
1/18/24,67
1/19/24,73
1/22/24,71
1/23/24,73
1/24/24,76
1/25/24,77
1/26/24,76
1/29/24,77
1/30/24,74
1/31/24,64
2/1/24,67
2/2/24,67
2/5/24,73
2/6/24,73
2/7/24,75
2/8/24,77
2/9/24,78
2/12/24,78
2/13/24,68
2/14/24,73
2/15/24,76
2/16/24,77
2/20/24,68
2/21/24,69
2/22/24,79
2/23/24,78
2/26/24,77
2/27/24,78
2/28/24,79
2/29/24,79
3/1/24,77
3/4/24,79
3/5/24,71
3/6/24,74
3/7/24,75
3/8/24,72
3/11/24,67
3/12/24,69
3/13/24,69
3/14/24,73
3/15/24,70
3/18/24,72
3/19/24,70
3/20/24,72
3/21/24,75
3/22/24,72
3/25/24,68
3/26/24,68
3/27/24,70
3/28/24,71
4/1/24,73
4/2/24,63
4/3/24,62
4/4/24,48
4/5/24,61
4/8/24,64
4/9/24,61
4/10/24,55
4/11/24,59
4/12/24,46
4/15/24,41
4/16/24,39
4/17/24,35
4/18/24,34
4/19/24,30
4/22/24,38
4/23/24,40
4/24/24,41
4/25/24,40
4/26/24,42
4/29/24,44
4/30/24,41
5/1/24,40
5/2/24,36
5/3/24,40
5/6/24,40
5/7/24,39
5/8/24,39
5/9/24,44
5/10/24,48
5/13/24,50
5/14/24,54
5/15/24,60
5/16/24,61
5/17/24,64
5/20/24,64
5/21/24,62
5/22/24,59
5/23/24,54
5/24/24,53
5/28/24,53
5/29/24,48
5/30/24,46
5/31/24,48
6/3/24,51
6/4/24,42
6/5/24,45
6/6/24,45
6/7/24,45
6/10/24,47
6/11/24,46
6/12/24,47
6/13/24,43
6/14/24,38
6/17/24,42
6/18/24,42
6/20/24,40
6/21/24,41
6/24/24,40
6/25/24,39
6/26/24,41
6/27/24,46
6/28/24,44
7/1/24,48
7/2/24,50
7/3/24,49
7/5/24,54
7/8/24,52
7/9/24,52
7/10/24,58
7/11/24,52
7/12/24,57
7/15/24,62
7/16/24,64
7/17/24,53
7/18/24,51
7/19/24,49
7/22/24,56
7/23/24,55
7/24/24,41
7/25/24,40
7/26/24,45
7/29/24,46
7/30/24,43
7/31/24,54
8/1/24,40
8/2/24,27
8/5/24,19
8/6/24,21
8/7/24,20
8/8/24,23
8/9/24,24
8/12/24,23
8/13/24,25
8/14/24,26
8/15/24,33
8/16/24,35
8/19/24,41
8/20/24,45
8/21/24,50
8/22/24,48
8/23/24,53
8/26/24,54
8/27/24,53
8/28/24,52
8/29/24,58
8/30/24,61
9/3/24,65
9/4/24,53
9/5/24,47
9/6/24,39
9/9/24,42
9/10/24,39
9/11/24,43
9/12/24,43
9/13/24,49
9/16/24,51
9/17/24,55
9/18/24,56
9/19/24,66
9/20/24,63
9/23/24,64
9/24/24,65
9/25/24,67
9/26/24,72
9/27/24,68
9/30/24,75
10/1/24,69
10/2/24,69
10/3/24,67
10/4/24,74
10/7/24,71
10/8/24,72
10/9/24,72
10/10/24,71
10/11/24,74
10/14/24,76
10/15/24,70
10/16/24,70
10/17/24,71
10/18/24,74
10/21/24,73
10/22/24,70
10/23/24,63
10/24/24,64
10/25/24,59
10/28/24,62
10/29/24,60
10/30/24,57
10/31/24,44
11/1/24,49
11/4/24,42
11/5/24,44
11/6/24,58
11/7/24,60
11/8/24,61
11/11/24,68
11/12/24,69
11/13/24,68
11/14/24,61
11/15/24,51
11/18/24,50
11/19/24,50
11/20/24,51
11/21/24,58
11/22/24,61
11/25/24,61
11/26/24,65
11/27/24,65
11/29/24,67
12/2/24,67
12/3/24,62
12/4/24,57
12/5/24,56
12/6/24,53
12/9/24,50
12/10/24,48
12/11/24,52
12/12/24,49
12/13/24,50
12/16/24,57
12/17/24,52
12/18/24,38
12/19/24,26
12/20/24,28
12/23/24,30
12/24/24,34
12/26/24,35
12/27/24,34
12/30/24,29
12/31/24,28
1/2/25,26
1/3/25,32
1/6/25,37
1/7/25,35
1/8/25,32
1/10/25,28
1/13/25,27
1/14/25,27
1/15/25,29
1/16/25,28
1/17/25,38
1/21/25,41
1/22/25,43
1/23/25,47
1/24/25,48
1/27/25,39
1/28/25,44
1/29/25,46
1/30/25,48
1/31/25,47
2/3/25,44
2/4/25,39
2/5/25,40
2/6/25,41
2/7/25,40
2/10/25,47
2/11/25,46
2/12/25,44
2/13/25,46
2/14/25,44
2/18/25,48
2/19/25,48
2/20/25,45
2/21/25,36
2/24/25,30
2/25/25,23
2/26/25,22
2/27/25,18
2/28/25,19
3/3/25,23
3/4/25,19
3/5/25,22
3/6/25,17
3/7/25,21
3/10/25,16
3/11/25,17
3/12/25,21
3/13/25,14
3/14/25,21
3/17/25,22
3/18/25,20
3/19/25,23
3/20/25,22
3/21/25,22
3/24/25,28
3/25/25,29
3/26/25,28
3/27/25,28
3/28/25,22
3/31/25,21
4/1/25,19
4/2/25,17
4/3/25,9
4/4/25,4
4/7/25,4
4/8/25,4
4/9/25,16
4/10/25,7
4/11/25,13
4/14/25,20
4/15/25,19
4/16/25,15
4/17/25,21
4/21/25,22
4/22/25,24
4/23/25,27
4/24/25,31
4/25/25,36
4/28/25,36
4/29/25,38
4/30/25,34
5/1/25,48
5/2/25,43